GEOID,NAME,1999,2000,2001,2002,2003,2004,2005,2006,2007,2008,2009,2010,2011,2012,2013,2014,2015
31109,Lancaster,54,14,31,20,16,18,23,19,35,13,16,26,20,17,16,21,22
46099,Minnehaha,34,12,40,12,15,20,18,12,17,9,12,13,20,18,12,9,9
39003,Allen,15,12,14,20,10,13,13,9,14,13,10,12,9,19,15,9,19
42007,Beaver,16,9,16,9,9,10,16,16,12,9,11,10,8,12,10,13,7
37037,Chatham,14,39,28,17,10,11,18,10,21,10,13,27,16,11,12,15,15
39085,Lake,14,9,17,11,14,14,13,14,14,12,7,10,14,17,12,8,19
51775,Salem,13,41,40,18,13,13,26,17,35,17,17,24,17,13,23,31,14
51121,Montgomery,12,41,29,16,8,10,15,11,15,10,13,11,11,11,11,10,12
47065,Hamilton,21,21,28,10,11,14,14,13,17,13,9,11,13,10,9,9,12
51735,Poquoson,18,21,39,18,11,12,14,14,18,16,15,17,11,10,10,15,15
51095,James City,18,42,39,18,11,12,13,20,23,11,12,22,10,13,10,11,15
22019,Calcasieu,18,14,39,23,15,11,20,15,19,12,20,14,21,13,13,12,15
22105,Tangipahoa,18,15,39,30,25,12,29,15,15,15,17,14,14,13,12,22,17
51179,Stafford,22,22,37,17,9,9,14,33,14,12,15,12,12,13,14,10,14
48361,Orange,21,17,40,33,14,13,20,15,18,15,20,14,21,15,13,16,16
25015,Hampshire,13,11,23,9,9,10,13,9,10,13,11,8,9,9,11,8,13
37001,Alamance,15,43,28,17,11,11,18,9,33,10,13,26,12,11,10,15,15
25025,Suffolk,33,11,26,13,9,11,13,17,16,15,11,11,9,10,13,12,15
12053,Hernando,18,30,24,14,20,25,18,41,22,20,14,14,26,23,13,12,11
12131,Walton,13,18,16,16,14,12,18,17,18,15,12,20,15,15,20,19,19
12127,Volusia,16,18,19,15,20,22,12,22,16,20,14,22,17,10,18,11,12
40017,Canadian,22,55,20,29,23,15,35,18,18,17,26,18,38,29,14,17,16
13115,Floyd,21,18,28,12,8,11,15,13,15,16,9,12,13,15,9,12,12
9007,Middlesex,12,21,19,14,9,15,14,10,17,13,11,11,9,9,13,9,13
37057,Davidson,14,43,28,17,10,11,18,10,18,9,11,14,17,11,13,10,14
31043,Dakota,34,13,40,20,20,20,12,11,29,11,14,27,20,25,10,18,17
39017,Butler,24,14,16,11,8,13,10,17,13,15,9,9,9,14,10,16,11
13063,Clayton,17,28,28,12,10,11,24,13,19,19,14,13,14,18,11,10,12
13073,Columbia,22,33,39,16,10,12,30,11,19,11,12,13,14,13,12,12,12
42043,Dauphin,16,21,20,12,8,10,14,14,11,9,9,10,9,7,11,8,10
54079,Putnam,13,12,15,16,10,9,16,9,15,18,10,10,8,10,8,19,13
34037,Sussex,16,20,28,10,9,10,14,17,10,15,11,16,9,9,11,9,12
39133,Portage,15,14,14,10,11,14,16,13,13,8,8,10,8,10,9,8,7
41005,Clackamas,34,42,32,36,20,18,36,17,28,25,21,34,21,27,23,23,24
21209,Scott,24,12,16,11,9,14,15,17,14,10,12,12,14,11,10,16,10
18003,Allen,17,12,13,20,8,18,14,8,13,12,10,10,11,14,14,10,14
49005,Cache,36,23,26,23,23,15,23,15,47,21,23,22,10,20,29,18,14
17113,McLean,18,12,16,15,13,15,14,9,13,11,8,11,12,12,13,10,11
23001,Androscoggin,9,11,16,11,13,12,8,11,10,15,11,8,10,10,11,13,10
16055,Kootenai,30,51,21,16,18,12,22,22,30,17,13,24,16,21,17,19,27
32003,Clark,51,148,61,114,76,68,34,34,46,48,46,27,42,35,48,57,27
55063,La Crosse,12,13,16,11,18,18,10,7,11,7,18,20,13,15,14,9,12
36091,Saratoga,9,16,19,7,9,9,13,8,11,13,11,8,10,9,11,8,12
48041,Brazos,21,18,26,20,14,13,19,17,14,13,33,26,18,16,13,19,29
24001,Allegany,13,21,17,13,8,9,14,11,11,12,10,14,10,7,8,11,10
13089,DeKalb,17,28,28,12,10,11,24,13,20,13,11,13,14,18,17,13,12
24510,Baltimore,21,21,29,18,6,10,13,21,15,13,14,11,9,13,16,11,15
5085,Lonoke,18,20,15,10,10,16,21,17,18,12,16,15,14,12,21,17,13
48245,Jefferson,21,17,27,23,22,12,20,14,14,12,24,14,21,10,13,12,13
48027,Bell,39,23,26,19,14,14,26,21,37,18,27,15,28,16,16,17,44
36075,Oswego,14,17,15,10,9,9,14,9,12,11,16,8,10,8,8,11,12
36111,Ulster,17,21,19,10,12,11,13,17,11,13,11,10,9,8,8,8,13
34007,Camden,21,21,28,17,14,14,20,18,24,25,15,19,19,27,28,21,19
51085,Hanover,19,22,37,22,8,11,14,20,23,10,15,15,8,8,11,10,15
48215,Hidalgo,42,44,28,36,34,23,22,29,29,47,26,20,54,23,28,26,43
37109,Lincoln,13,38,28,16,11,11,27,8,18,9,12,10,17,10,10,15,12
5091,Miller,20,18,33,15,24,16,17,17,16,12,19,15,13,16,21,14,24
12095,Orange,23,18,19,13,20,16,20,24,20,20,16,16,17,15,13,11,13
13045,Carroll,21,28,28,12,10,11,15,15,19,19,12,12,13,18,11,12,12
20161,Riley,31,14,25,11,13,13,29,12,20,13,10,19,16,17,15,18,15
37027,Caldwell,11,20,28,11,11,11,15,9,19,12,10,11,11,9,10,10,12
18173,Warrick,18,15,16,10,9,26,14,12,15,14,11,9,11,11,9,10,11
48181,Grayson,24,46,27,26,25,16,18,21,18,17,27,15,33,14,16,23,36
1033,Colbert,26,27,28,10,8,15,22,13,18,15,12,14,19,15,9,12,15
47149,Rutherford,18,15,24,14,8,11,22,14,16,15,11,11,13,15,9,11,13
37063,Durham,18,43,38,17,9,10,18,8,18,10,9,18,12,11,14,14,15
51510,Alexandria,22,21,38,17,15,11,21,29,20,24,17,24,18,16,26,20,18
41029,Jackson,53,30,23,47,36,18,56,20,30,32,47,21,19,34,22,40,30
12011,Broward,17,26,27,26,33,17,20,23,15,20,31,12,15,16,19,19,17
48397,Rockwall,43,59,40,27,26,21,18,32,32,21,27,24,51,32,35,22,40
26163,Wayne,14,13,14,20,10,18,16,15,14,10,8,10,9,11,13,8,14
51540,Charlottesville,10,42,39,17,12,9,15,10,11,14,11,16,11,16,14,11,15
48309,McLennan,36,29,37,18,14,14,19,21,26,17,27,15,28,22,16,17,49
12099,Palm Beach,16,26,23,26,33,25,15,23,14,21,20,14,17,12,14,16,9
47165,Sumner,18,15,24,11,8,11,22,9,16,17,11,16,13,14,8,20,12
51820,Waynesboro,10,43,39,17,10,9,15,12,20,14,11,13,14,13,14,11,15
41051,Multnomah,22,43,31,59,36,16,37,24,28,25,21,34,25,22,23,23,24
6067,Sacramento,155,84,90,168,84,113,89,131,138,132,86,127,72,70,55,138,112
6083,Santa Barbara,44,81,61,60,32,49,54,22,31,32,25,32,44,32,22,54,24
37151,Randolph,14,39,28,17,11,11,13,10,18,9,14,14,16,11,13,15,15
24015,Cecil,16,21,30,18,8,10,13,22,15,15,12,17,12,9,14,11,18
25001,Barnstable,20,11,26,13,10,14,14,20,12,13,11,11,9,9,14,16,11
18089,Lake,17,16,13,9,12,15,24,8,13,12,20,9,11,13,11,11,12
26159,Van Buren,17,14,10,14,12,18,15,10,13,13,13,10,11,19,17,10,10
47105,Loudon,26,20,25,11,11,10,14,13,21,12,10,10,13,10,10,9,12
18157,Tippecanoe,16,10,14,10,9,19,13,16,13,20,11,9,11,13,13,9,20
12086,Miami-Dade,20,30,19,26,33,24,15,23,15,18,32,20,14,17,19,19,17
38035,Grand Forks,13,10,14,9,10,13,13,12,13,9,15,15,13,12,12,8,15
18091,LaPorte,17,14,12,8,10,16,13,12,13,13,11,11,9,13,13,11,11
18057,Hamilton,16,12,11,14,11,17,10,8,13,15,8,11,11,12,12,10,11
29145,Newton,21,22,16,15,14,15,12,18,16,14,15,14,14,15,13,17,14
18129,Posey,19,15,16,13,10,33,19,12,12,14,17,9,13,10,9,11,19
13297,Walton,17,28,39,13,10,12,33,11,20,13,12,13,14,21,17,15,12
51009,Amherst,11,42,39,17,10,9,13,9,10,10,16,18,11,13,14,10,13
6111,Ventura,44,59,61,60,37,49,66,32,41,32,50,33,45,32,22,54,24
6037,Los Angeles,38,48,61,60,32,49,26,33,31,32,50,33,42,32,22,41,24
4027,Yuma,99,115,79,155,99,100,89,68,70,57,61,77,85,55,112,78,42
12055,Highlands,17,23,32,26,31,25,19,24,18,19,27,12,17,12,25,9,10
4021,Pinal,90,69,31,123,45,85,33,58,36,49,55,60,85,37,48,44,25
39051,Fulton,14,12,13,20,9,18,14,17,14,9,9,9,9,12,13,8,14
12017,Citrus,18,17,24,17,20,22,19,41,22,26,21,29,18,25,14,24,11
29043,Christian,20,13,16,15,12,10,11,19,14,12,8,14,13,10,10,12,11
28073,Lamar,18,23,39,20,22,12,24,13,15,14,18,15,14,16,12,13,13
48157,Fort Bend,21,18,32,23,22,15,19,15,15,12,21,16,33,13,16,16,26
55127,Walworth,17,13,18,10,12,16,11,7,12,8,20,12,12,16,12,10,12
36103,Suffolk,18,21,28,12,9,15,14,11,13,12,10,11,12,10,9,9,18
1081,Lee,17,30,25,13,14,12,18,14,19,13,13,16,14,13,9,12,12
48367,Parker,36,72,27,27,21,23,19,30,14,22,27,24,38,17,23,18,22
6097,Sonoma,107,23,89,59,43,80,30,45,33,36,30,28,22,22,33,54,33
16019,Bonneville,24,20,23,31,19,20,12,14,17,20,11,23,16,9,13,22,11
13013,Barrow,17,18,28,13,10,11,33,11,20,13,12,12,14,18,17,15,12
26037,Clinton,16,10,14,25,9,11,18,15,10,10,12,11,11,11,16,8,9
17115,Macon,18,14,16,15,14,15,17,9,13,12,9,12,12,12,16,10,11
27109,Olmsted,12,16,23,10,9,18,10,11,10,14,16,16,13,15,11,12,10
34039,Union,18,20,28,12,9,10,14,17,16,15,11,16,10,10,18,10,17
1097,Mobile,11,18,39,18,20,13,13,15,15,13,13,14,14,17,12,12,18
38015,Burleigh,14,13,18,19,15,16,17,13,15,13,19,28,15,16,15,18,13
37159,Rowan,14,43,28,17,10,11,15,10,21,9,12,14,17,9,13,10,14
41003,Benton,33,43,31,36,34,53,37,39,28,27,22,56,23,34,28,24,34
42099,Perry,16,21,17,12,8,10,14,15,11,12,10,10,9,9,10,7,10
48203,Harrison,23,18,27,13,14,11,17,15,16,13,21,14,16,13,14,14,43
40131,Rogers,30,36,19,29,12,14,15,20,18,13,18,13,17,15,16,11,16
29019,Boone,21,19,15,21,11,12,14,15,14,7,15,16,15,15,19,13,16
8059,Jefferson,30,27,51,29,15,20,17,9,17,17,9,22,23,12,10,8,24
54011,Cabell,13,10,15,16,9,9,15,8,12,17,10,10,7,10,7,21,10
18005,Bartholomew,17,15,16,14,9,33,12,12,15,16,12,9,12,12,10,16,11
13223,Paulding,21,28,28,12,10,14,18,14,19,21,11,14,13,22,17,13,12
25027,Worcester,18,10,23,12,9,10,13,9,12,13,11,10,9,10,11,8,12
6031,Kings,121,122,114,107,76,182,58,56,129,89,83,126,96,109,102,161,55
6073,San Diego,75,128,61,77,37,81,38,28,31,32,36,33,36,32,30,54,42
29037,Cass,21,18,17,18,10,12,13,17,13,11,12,14,21,16,19,16,16
36027,Dutchess,18,21,19,10,9,12,14,9,8,13,10,10,10,9,11,6,12
8101,Pueblo,33,24,26,38,27,33,24,23,19,18,35,17,26,16,16,17,22
37051,Cumberland,18,39,38,11,10,11,15,12,20,11,13,13,12,10,12,14,13
6061,Placer,67,79,90,57,22,33,26,45,43,43,56,36,36,30,24,50,29
37093,Hoke,19,39,38,11,11,11,16,12,20,10,13,14,14,10,12,15,15
45035,Dorchester,13,18,32,11,13,12,12,15,17,14,15,10,13,13,13,13,13
45015,Berkeley,18,18,32,11,16,12,12,14,17,12,15,19,11,13,13,10,13
5051,Garland,23,20,18,15,13,13,21,16,28,13,16,16,16,16,17,15,18
39155,Trumbull,16,12,14,10,11,14,16,14,13,8,14,10,10,12,10,8,10
42019,Butler,13,12,16,10,8,10,16,9,12,9,8,10,8,9,10,8,7
37025,Cabarrus,10,39,28,17,11,11,27,9,21,9,12,14,17,11,18,15,14
49011,Davis,30,23,22,23,24,17,16,17,29,21,22,22,13,29,29,23,13
19013,Black Hawk,13,16,12,13,18,19,14,11,10,10,20,11,13,17,16,14,14
1125,Tuscaloosa,17,28,25,11,10,15,18,14,19,15,12,14,13,12,10,11,15
10003,New Castle,21,21,30,18,9,10,14,22,15,13,12,10,12,7,14,8,18
17161,Rock Island,28,17,13,18,9,17,13,11,11,9,22,14,13,12,16,12,14
51073,Gloucester,18,22,39,19,11,12,14,14,23,11,16,22,11,13,10,11,15
42101,Philadelphia,21,21,32,14,8,10,14,15,16,15,12,10,10,7,14,8,13
36109,Tompkins,14,12,16,11,12,11,14,10,12,9,10,9,10,12,11,7,18
5069,Jefferson,21,21,35,10,13,15,21,17,28,11,16,15,12,17,17,17,24
36001,Albany,13,21,19,7,8,9,13,8,7,13,10,7,9,9,11,8,12
48029,Bexar,41,33,36,25,23,19,26,22,44,37,32,28,43,17,24,17,29
8013,Boulder,14,11,21,16,13,11,17,9,8,21,8,13,10,18,10,8,19
47089,Jefferson,26,20,25,11,11,9,15,10,19,16,10,11,12,9,10,9,12
8031,Denver,33,18,23,37,19,20,17,12,17,28,15,13,19,23,13,12,20
17093,Kendall,22,13,12,9,10,15,24,7,13,11,13,10,12,13,12,11,16
11001,District of Columbia,22,21,38,17,15,11,21,29,20,24,17,24,18,16,26,20,18
27171,Wright,11,21,15,12,15,20,12,12,15,13,20,18,16,15,12,12,10
55059,Kenosha,17,13,18,10,11,14,11,8,13,10,20,12,11,14,15,10,14
6075,San Francisco,107,34,89,59,44,80,34,35,31,34,25,34,25,17,36,54,44
12109,St. Johns,18,14,14,16,13,18,13,16,16,20,13,19,18,17,13,13,9
26139,Ottawa,18,12,14,14,14,12,15,10,11,10,15,12,11,13,9,11,11
17031,Cook,17,17,13,9,11,16,13,8,13,7,20,9,11,14,11,11,14
27027,Clay,14,17,25,10,12,15,13,11,11,9,18,29,18,14,12,14,12
49003,Box Elder,39,33,23,31,24,25,27,15,28,21,21,22,18,13,20,30,13
54051,Marshall,15,13,16,10,10,10,17,13,15,12,14,10,8,14,10,9,9
24005,Baltimore,21,21,29,18,8,10,13,21,15,13,14,11,9,9,14,11,15
39087,Lawrence,13,10,15,17,9,10,15,8,15,17,8,10,8,10,8,21,10
54061,Monongalia,14,13,12,10,10,10,14,10,11,7,14,7,8,8,8,9,10
12027,DeSoto,22,38,23,26,31,25,20,24,18,18,27,17,17,13,16,13,13
9011,New London,20,11,23,16,9,10,14,10,13,13,10,11,9,9,13,10,18
51760,Richmond,19,42,39,22,8,11,15,20,19,11,12,15,10,13,10,10,15
37169,Stokes,14,43,39,17,10,11,18,9,19,10,9,13,16,13,14,15,15
6041,Marin,107,23,89,59,25,80,28,27,31,28,25,34,24,17,36,54,44
48381,Randall,35,59,33,19,20,24,30,24,35,28,31,20,65,30,58,29,22
19181,Warren,34,16,13,25,10,22,16,13,14,9,23,16,15,23,16,11,18
48099,Coryell,36,40,36,26,24,14,19,21,37,17,27,14,31,16,14,18,23
13053,Chattahoochee,17,30,39,16,13,13,20,17,20,19,13,15,14,21,14,13,14
41047,Marion,34,42,32,36,20,18,36,24,28,27,21,55,20,49,23,23,34
55079,Milwaukee,18,11,10,14,21,14,11,11,13,10,20,15,12,23,16,10,14
27139,Scott,11,24,20,9,16,20,8,16,19,13,13,23,16,16,11,12,10
39129,Pickaway,21,12,16,10,9,13,10,13,13,13,8,9,8,10,8,21,14
8014,Broomfield,33,18,23,37,19,20,17,12,17,28,15,13,19,23,13,12,20
20149,Pottawatomie,31,14,30,13,13,13,23,13,20,13,9,19,16,17,15,18,16
26075,Jackson,16,16,13,13,10,12,17,15,14,12,11,10,11,12,14,8,9
48091,Comal,37,33,36,26,23,22,26,22,44,39,32,28,32,26,24,23,30
51610,Falls Church,22,21,38,17,15,11,21,29,20,24,17,24,18,16,26,20,18
12081,Manatee,22,30,28,27,26,25,13,24,20,19,27,20,27,14,13,12,13
21117,Kenton,24,14,16,11,10,13,12,17,13,10,10,12,11,11,9,16,13
17037,DeKalb,17,17,18,10,10,15,15,7,13,7,19,9,11,13,11,11,15
47073,Hawkins,20,12,25,10,11,10,15,9,12,10,8,9,11,9,10,8,12
22055,Lafayette,18,15,39,24,21,11,20,27,16,12,18,13,15,13,12,21,16
16069,Nez Perce,35,48,42,23,18,15,23,22,30,18,14,23,19,30,14,30,27
6055,Napa,125,84,89,168,43,150,54,40,82,117,50,70,70,65,51,54,65
19061,Dubuque,18,15,12,12,16,19,10,10,11,9,19,14,13,16,11,14,14
39139,Richland,15,9,13,11,10,11,12,13,14,7,9,12,8,10,14,8,8
39169,Wayne,15,14,8,9,11,14,16,13,14,11,11,10,8,9,15,8,7
13113,Fayette,17,28,28,13,14,19,33,20,33,26,15,23,30,19,22,33,21
48259,Kendall,37,33,34,40,23,19,26,21,37,28,31,28,40,16,24,23,30
36043,Herkimer,11,22,19,10,9,9,12,10,12,13,10,7,9,8,8,11,11
54057,Mineral,13,21,17,16,9,9,14,8,11,12,10,10,10,7,8,7,10
6089,Shasta,32,32,64,33,19,23,47,33,46,45,37,35,36,28,21,36,39
22113,Vermilion,17,11,24,24,21,11,20,14,16,12,18,14,21,13,12,21,12
22087,St. Bernard,18,11,25,10,21,12,23,24,15,9,19,14,19,9,12,22,18
47009,Blount,21,20,25,10,11,9,14,10,19,12,10,11,11,9,10,9,12
45031,Darlington,19,38,38,15,11,12,23,13,18,10,15,13,14,13,12,13,14
6053,Monterey,45,79,61,59,20,39,25,22,31,28,30,33,32,20,59,54,24
29165,Platte,21,18,24,13,22,21,14,16,12,13,13,14,18,28,15,19,16
29021,Buchanan,21,16,24,13,14,21,14,16,12,13,11,14,20,15,15,17,16
1083,Limestone,24,27,25,10,9,21,24,14,18,13,12,15,13,19,9,13,15
39123,Ottawa,15,12,14,10,10,11,10,11,14,8,8,9,8,8,15,10,9
24013,Carroll,21,21,27,18,8,10,15,21,15,13,12,11,10,9,14,11,13
54029,Hancock,16,9,16,10,9,13,16,16,12,9,14,10,8,12,10,13,7
29051,Cole,19,19,15,21,8,12,14,16,14,7,10,15,13,14,19,13,13
26021,Berrien,17,14,13,9,12,17,13,11,13,13,8,8,11,14,17,10,14
17163,St. Clair,19,12,15,15,13,21,16,13,12,9,15,12,13,14,12,13,14
37003,Alexander,10,43,28,16,11,11,27,8,21,16,12,12,17,16,10,15,12
34009,Cape May,21,21,23,16,9,10,14,13,16,14,13,13,17,9,14,9,13
48257,Kaufman,28,57,34,20,14,21,18,21,18,16,27,14,25,13,16,19,40
4013,Maricopa,60,83,32,93,45,88,34,59,52,67,38,60,46,47,42,67,32
48251,Johnson,36,73,37,27,18,27,25,30,14,17,27,14,31,18,23,18,22
36113,Warren,10,9,19,10,8,9,12,7,10,13,11,8,9,7,11,11,11
13015,Bartow,17,18,28,14,10,13,19,13,15,16,9,12,11,18,9,16,12
12069,Lake,18,18,19,17,20,22,12,41,20,20,19,22,17,17,13,12,12
20091,Johnson,21,18,25,13,12,12,14,17,12,11,10,14,18,16,15,19,16
24009,Calvert,21,21,37,20,8,14,14,33,23,11,20,10,10,9,14,8,11
35043,Sandoval,34,36,21,49,32,42,21,16,24,26,15,29,40,20,29,20,10
41043,Linn,24,40,22,36,22,17,36,32,28,27,20,38,20,21,22,24,34
13139,Hall,17,18,28,16,14,11,27,10,19,13,12,12,13,14,12,15,12
42037,Columbia,14,12,20,12,10,10,14,15,11,8,11,10,9,9,11,7,10
39023,Clark,24,14,16,10,10,13,10,13,14,15,12,9,8,14,14,17,14
4019,Pima,99,77,31,123,43,88,33,58,36,49,35,68,84,40,33,72,19
34005,Burlington,21,21,29,14,9,10,14,15,19,15,12,10,10,10,14,8,13
18127,Porter,17,16,13,9,12,15,13,8,13,12,11,9,11,13,13,11,11
12103,Pinellas,26,30,24,27,25,25,18,24,22,14,14,14,27,16,13,15,12
51770,Roanoke,13,41,40,18,13,13,26,17,35,17,17,24,17,13,23,31,14
48037,Bowie,24,28,19,15,23,14,18,18,15,12,11,15,12,14,14,17,24
49057,Weber,36,23,21,23,24,15,21,16,47,21,22,22,13,29,29,19,14
36045,Jefferson,14,21,15,10,8,9,12,10,10,11,14,7,9,8,8,11,12
19113,Linn,36,16,12,20,13,19,12,11,10,9,21,10,12,17,14,12,14
13215,Muscogee,17,30,39,12,13,12,20,17,19,19,13,15,14,18,14,12,12
39109,Miami,24,12,16,11,8,13,10,13,15,13,9,9,8,14,14,11,11
48375,Potter,45,58,42,29,19,20,30,24,22,23,31,22,49,51,58,30,26
45003,Aiken,22,29,20,16,12,12,30,11,18,11,12,13,11,13,18,14,9
51550,Chesapeake,13,19,19,18,11,12,15,14,17,15,13,15,10,8,12,11,14
55089,Ozaukee,17,11,15,11,17,16,12,14,11,11,20,15,12,15,10,10,10
47163,Sullivan,11,13,25,11,7,8,15,9,18,10,7,9,8,8,10,11,12
45059,Laurens,13,38,28,16,11,12,27,10,19,9,11,13,12,8,10,10,12
55117,Sheboygan,17,11,15,12,17,17,12,14,9,10,20,13,13,18,9,10,10
25013,Hampden,12,11,23,10,9,10,13,9,17,13,11,9,9,9,11,8,12
48055,Caldwell,26,32,33,26,20,22,24,22,45,27,32,36,32,18,27,21,26
42011,Berks,16,21,29,12,10,10,14,16,12,13,9,9,9,9,14,10,10
47019,Carter,10,18,25,11,11,8,15,9,18,10,8,9,8,9,10,11,12
47179,Washington,20,18,25,11,11,9,15,13,12,10,10,9,11,10,10,11,12
51093,Isle of Wight,18,20,39,18,11,12,14,14,14,13,12,14,10,11,10,9,21
22047,Iberville,19,15,39,30,21,11,28,25,13,12,18,14,14,10,12,15,16
51061,Fauquier,21,21,37,18,7,9,14,20,13,12,13,12,9,13,14,10,16
51750,Radford,22,41,29,16,11,13,26,17,35,17,13,17,17,13,23,28,11
32005,Douglas,62,36,76,52,25,34,26,21,48,42,41,25,27,16,20,49,37
55131,Washington,21,10,15,12,17,15,10,14,8,10,20,13,12,15,13,10,10
42085,Mercer,14,12,13,10,10,10,16,15,13,8,14,10,10,12,10,8,10
5031,Craighead,17,16,14,21,14,34,21,19,19,15,16,15,15,20,10,13,15
12101,Pasco,18,30,24,17,25,25,18,41,22,15,16,26,32,16,13,11,13
12119,Sumter,18,29,27,17,20,25,20,41,22,20,21,26,19,17,14,11,12
36059,Nassau,18,22,19,12,9,10,14,12,18,15,11,15,12,10,9,8,18
18163,Vanderburgh,18,15,16,12,11,26,19,11,13,14,12,9,13,9,9,10,19
54107,Wood,13,13,15,16,9,10,8,9,11,9,10,10,8,10,8,9,10
45063,Lexington,13,38,39,16,9,12,28,17,18,9,12,14,10,13,18,15,15
24003,Anne Arundel,21,21,29,16,7,10,13,21,14,13,14,11,9,9,14,10,13
55039,Fond du Lac,25,11,16,12,13,16,10,11,10,10,20,17,13,15,8,11,10
25003,Berkshire,13,9,23,9,9,8,13,9,10,13,11,11,9,7,11,8,11
34023,Middlesex,18,21,28,12,9,10,14,17,16,15,10,10,10,10,18,10,17
25005,Bristol,20,10,32,16,9,8,13,17,12,13,11,11,9,11,11,11,13
42107,Schuylkill,16,21,20,12,10,10,14,16,12,12,9,10,9,9,14,11,10
37045,Cleveland,11,20,28,11,10,11,27,8,18,9,12,11,12,16,10,10,12
24021,Frederick,21,21,27,18,8,10,15,21,15,13,11,11,10,9,14,11,13
35013,DoÃ±a Ana,76,61,66,60,69,39,36,35,41,87,45,56,76,50,67,38,22
6095,Solano,155,84,90,107,70,113,54,86,123,133,57,130,69,65,53,83,78
12117,Seminole,23,18,19,17,20,22,20,41,20,20,19,22,17,20,14,11,13
28035,Forrest,18,23,39,15,26,15,23,17,15,18,19,16,14,14,12,12,11
26065,Ingham,15,14,13,16,10,11,18,15,13,10,11,12,11,11,16,8,8
20177,Shawnee,22,14,32,13,14,21,14,12,25,13,8,13,12,28,12,15,16
36115,Washington,10,9,19,11,8,9,13,8,10,13,11,8,10,9,11,8,11
18081,Johnson,16,15,16,14,9,25,12,12,15,15,7,11,11,19,10,10,11
1121,Talladega,17,28,25,12,16,17,15,12,21,16,11,14,13,18,11,11,12
39041,Delaware,20,12,16,10,9,13,15,13,13,14,9,12,8,11,14,13,11
37067,Forsyth,14,43,28,17,10,11,18,9,19,10,9,14,16,10,10,15,15
32510,Carson City,62,36,132,57,55,66,26,52,54,43,56,63,34,46,24,40,36
19049,Dallas,23,17,23,21,10,19,15,11,15,9,18,10,15,15,9,13,16
45007,Anderson,15,38,28,15,10,11,27,9,18,10,11,11,14,13,9,10,12
4003,Cochise,92,71,42,154,56,55,45,36,30,65,38,54,53,39,33,53,23
6071,San Bernardino,35,119,75,100,76,99,37,32,45,63,39,42,46,36,48,60,36
31055,Douglas,55,14,30,20,19,22,23,19,33,16,24,29,21,23,13,21,23
51600,Fairfax,22,21,38,17,10,11,21,34,20,24,19,24,18,16,26,13,15
13059,Clarke,17,28,39,13,22,17,33,20,33,17,16,24,32,21,22,33,22
13077,Coweta,17,28,28,12,10,16,15,18,19,19,14,13,13,19,11,10,12
6013,Contra Costa,155,84,90,107,70,113,54,86,123,133,57,130,69,65,53,83,78
51087,Henrico,19,42,36,22,8,11,14,20,19,10,12,15,8,13,10,11,15
36119,Westchester,20,20,19,10,9,14,14,8,17,12,11,11,10,10,13,7,13
9009,New Haven,17,20,19,10,9,15,14,10,17,12,11,11,11,10,13,9,13
17091,Kankakee,17,13,11,10,10,15,18,7,15,7,11,9,11,12,12,10,15
10005,Sussex,21,21,34,17,9,14,13,13,16,13,18,13,17,13,14,8,13
20015,Butler,18,19,17,18,12,13,16,18,20,13,16,10,12,28,14,12,15
48209,Hays,47,32,36,26,23,22,26,22,44,28,32,14,32,22,27,23,43
45013,Beaufort,12,18,30,16,18,14,12,14,19,20,12,18,12,11,12,13,13
55105,Rock,18,17,18,11,17,16,11,10,11,8,19,13,13,16,12,10,10
45077,Pickens,12,29,26,11,10,11,27,10,19,11,9,11,12,19,10,9,12
28121,Rankin,18,26,28,12,20,12,22,14,14,15,22,15,13,21,11,12,14
41039,Lane,24,40,16,32,17,15,23,15,20,18,20,16,14,11,12,15,31
48485,Wichita,32,43,27,29,27,16,36,21,19,21,22,15,51,33,13,23,16
17085,Jo Daviess,28,17,12,14,13,16,10,9,11,9,19,20,13,17,16,13,13
18059,Hancock,17,12,13,14,10,25,10,17,15,15,8,12,11,15,12,10,11
48329,Midland,62,62,27,39,47,57,45,35,20,44,31,56,60,38,65,41,16
30013,Cascade,14,14,21,12,8,10,10,13,12,16,11,8,13,13,9,15,11
51660,Harrisonburg,17,43,39,17,15,26,23,19,23,18,16,24,17,23,26,18,17
17199,Williamson,38,15,16,24,17,33,21,11,15,9,10,17,15,13,10,11,12
21067,Fayette,18,12,16,11,9,14,15,9,14,10,12,12,14,11,8,16,10
42097,Northumberland,14,21,20,12,10,10,19,15,11,9,11,9,9,10,11,9,10
48469,Victoria,28,25,21,19,22,19,19,21,18,18,35,16,20,13,17,13,26
26147,St. Clair,18,16,16,16,10,11,16,12,14,10,11,9,8,8,16,8,8
20045,Douglas,21,14,32,13,15,13,14,17,24,13,10,13,13,28,13,19,16
21059,Daviess,18,15,15,12,10,33,20,12,15,14,15,10,11,19,9,11,11
29097,Jasper,21,22,16,15,14,15,11,19,16,12,14,14,13,16,13,17,14
13151,Henry,17,28,28,12,10,11,24,13,19,13,13,13,14,18,11,10,12
42021,Cambria,13,11,16,21,10,10,16,15,11,12,7,10,9,6,8,8,10
26093,Livingston,14,16,14,16,10,11,16,15,13,10,10,11,10,11,16,10,8
8001,Adams,33,18,23,32,22,20,22,11,18,16,15,36,21,14,24,14,27
42069,Lackawanna,13,21,19,10,11,10,14,16,12,8,11,10,9,7,9,8,9
40037,Creek,22,36,19,27,13,13,20,20,30,17,21,13,12,18,16,16,13
9013,Tolland,20,11,23,16,9,10,13,9,17,15,11,11,9,10,13,9,18
12031,Duval,18,14,15,28,13,22,19,15,22,20,21,29,22,16,13,14,13
21113,Jessamine,18,10,16,11,9,14,15,9,14,18,12,12,15,14,8,16,10
39057,Greene,24,14,16,10,10,13,10,13,14,15,12,9,8,14,14,17,14
1003,Baldwin,11,18,39,18,20,12,13,16,15,14,13,14,13,18,10,14,19
51019,Bedford,12,42,39,17,10,9,14,9,11,10,16,18,11,12,14,10,15
42131,Wyoming,13,12,19,10,10,10,15,16,11,9,10,10,9,7,9,8,11
18167,Vigo,21,15,15,15,11,15,17,15,15,15,13,9,14,11,12,10,20
18039,Elkhart,17,12,12,15,8,13,17,7,14,12,10,9,11,15,13,10,8
48303,Lubbock,36,59,28,24,45,25,45,30,24,77,30,23,38,51,49,32,22
12085,Martin,17,17,16,26,32,26,15,23,16,13,20,14,15,10,14,16,7
13085,Dawson,17,18,28,14,11,11,27,10,17,12,9,12,11,9,9,13,12
20209,Wyandotte,21,18,23,13,12,12,14,16,12,11,10,14,18,16,15,19,16
39095,Lucas,14,12,14,20,10,18,13,15,14,9,8,9,9,12,13,8,14
18043,Floyd,25,15,16,17,20,24,20,23,20,17,16,29,24,14,10,15,15
54019,Fayette,14,13,15,16,9,9,14,7,12,10,7,10,7,6,8,11,10
53061,Snohomish,18,8,17,26,23,16,23,16,25,22,16,20,25,10,14,18,25
53077,Yakima,24,53,33,59,21,23,23,24,29,26,24,26,34,18,23,20,19
5143,Washington,22,24,11,27,13,17,12,13,16,12,11,14,15,16,14,11,18
55035,Eau Claire,12,19,15,7,13,18,7,16,10,7,15,16,13,14,8,9,12
4005,Coconino,32,60,32,66,33,88,22,36,42,30,37,20,35,47,28,54,18
20191,Sumner,19,26,22,29,18,15,32,18,19,22,16,15,12,28,16,14,16
48167,Galveston,14,21,26,23,24,12,18,15,13,11,20,15,26,13,13,16,20
48201,Harris,17,18,32,16,14,13,19,15,15,13,21,18,21,10,14,15,30
25017,Middlesex,18,10,23,12,9,10,13,10,20,15,11,15,9,10,11,9,13
36069,Ontario,14,17,15,10,10,11,13,11,10,8,10,10,11,8,8,7,11
1001,Autauga,17,29,36,12,12,12,18,17,19,13,14,14,12,21,12,12,12
26161,Washtenaw,14,16,14,21,10,18,17,15,14,16,11,11,9,12,16,10,8
13225,Peach,17,32,39,16,12,13,20,18,21,14,11,19,14,21,24,12,15
44009,Washington,19,10,32,16,9,15,14,17,18,13,11,11,9,10,11,16,13
53063,Spokane,29,47,33,31,32,17,21,23,30,18,13,27,47,19,17,26,32
34017,Hudson,18,20,19,13,16,14,16,20,20,19,13,19,17,27,49,19,18
39151,Stark,15,14,14,10,11,25,16,13,13,11,12,10,8,11,15,8,7
48187,Guadalupe,26,33,44,25,18,16,26,22,45,39,32,16,40,24,27,17,42
51153,Prince William,21,21,37,18,9,9,14,33,14,12,13,12,9,13,14,10,15
42029,Chester,16,21,32,11,9,10,14,14,14,15,12,17,9,7,14,9,10
47145,Roane,21,20,28,10,11,10,14,13,21,12,10,10,13,10,8,9,12
12033,Escambia,11,18,29,15,20,21,23,16,18,13,20,15,20,18,19,14,18
48439,Tarrant,28,72,37,27,18,23,17,23,19,21,27,14,33,18,20,18,41
24033,Prince George's,21,21,37,16,8,15,13,31,12,10,14,9,9,9,9,10,11
39099,Mahoning,16,12,16,10,8,10,16,14,15,8,14,10,8,12,10,8,8
17089,Kane,22,17,18,16,11,16,16,7,13,8,20,9,13,14,11,11,15
6017,El Dorado,39,58,156,57,25,34,26,27,47,43,56,63,33,30,23,50,54
45055,Kershaw,13,38,39,16,9,12,18,13,18,9,12,13,12,11,13,15,14
42089,Monroe,16,21,19,10,10,10,14,17,12,15,11,8,9,9,11,9,9
1115,St. Clair,25,28,25,12,16,17,15,12,21,16,11,14,13,18,11,11,12
13095,Dougherty,18,32,39,16,18,12,18,17,26,18,17,15,13,12,16,13,12
13047,Catoosa,21,29,28,10,8,10,14,13,15,16,9,12,14,15,9,12,12
24027,Howard,21,21,29,18,6,10,13,21,15,13,14,11,9,13,16,11,15
49035,Salt Lake,29,24,25,43,23,17,24,15,29,22,22,22,13,30,25,23,13
9003,Hartford,12,21,23,9,9,10,13,9,17,13,11,12,9,9,11,8,12
9015,Windham,20,11,23,16,9,10,13,9,17,15,11,11,9,10,13,9,18
36085,Richmond,21,21,28,12,9,10,14,17,16,15,10,10,10,10,18,10,17
45045,Greenville,10,28,26,11,10,11,27,9,18,9,10,11,12,13,10,9,12
6113,Yolo,155,84,89,168,109,113,54,95,74,132,86,141,69,117,68,131,65
38017,Cass,14,9,25,15,13,13,13,11,11,8,10,12,17,12,12,12,11
19103,Johnson,36,16,13,26,13,19,13,14,10,9,23,14,12,12,23,12,14
21089,Greenup,13,11,15,17,10,10,15,8,15,18,8,10,8,10,8,21,12
21101,Henderson,18,15,16,12,12,33,20,12,15,14,15,9,11,19,9,11,15
33013,Merrimack,12,10,19,8,9,10,11,9,11,15,11,9,9,9,11,9,9
42133,York,16,21,20,12,8,10,13,21,15,13,12,11,9,7,14,7,10
13097,Douglas,21,28,28,12,10,10,18,15,19,19,12,13,13,18,11,12,12
6115,Yuba,124,79,89,168,62,113,62,48,63,129,52,57,87,70,45,67,66
1117,Shelby,17,28,25,12,11,17,18,12,19,13,12,14,12,19,12,13,12
37135,Orange,15,43,38,17,11,11,18,9,19,10,9,26,12,11,12,15,15
36029,Erie,13,8,16,10,11,12,12,11,10,13,9,10,9,8,8,8,9
24031,Montgomery,21,14,37,18,6,10,14,21,11,13,14,11,9,9,14,10,13
51685,Manassas Park,22,21,38,17,10,11,21,34,20,24,19,24,18,16,26,13,15
51013,Arlington,22,21,38,17,15,11,21,29,20,24,17,24,18,16,26,20,18
29183,St. Charles,19,12,15,16,13,21,16,13,12,9,10,14,12,14,13,14,14
24035,Queen Anne's,21,21,27,19,7,9,12,22,12,12,20,11,9,13,9,10,11
37049,Craven,19,21,36,11,9,15,13,9,17,11,13,13,17,7,10,11,13
41009,Columbia,22,26,23,33,34,52,23,23,26,19,28,27,25,16,13,23,25
45041,Florence,19,39,36,15,11,12,17,13,17,10,15,13,14,13,13,13,13
49053,Washington,31,37,38,75,70,26,20,30,39,24,19,26,25,52,48,52,40
18019,Clark,14,11,16,11,9,24,12,12,15,10,12,9,14,11,10,16,13
17063,Grundy,36,14,11,12,11,19,18,12,19,14,16,28,29,15,12,13,31
13169,Jones,17,31,39,13,12,12,18,18,21,16,12,13,14,21,14,10,12
13135,Gwinnett,17,18,28,12,10,11,18,11,19,12,12,12,14,18,12,13,12
36079,Putnam,17,20,19,10,12,12,14,8,17,15,11,10,10,10,14,7,13
51700,Newport News,18,20,39,18,11,12,14,14,20,13,12,14,10,11,10,14,16
47125,Montgomery,18,13,15,13,7,11,22,9,16,13,9,15,13,14,8,20,15
22075,Plaquemines,18,12,19,10,21,12,23,22,19,17,19,15,27,10,12,22,18
21029,Bullitt,24,11,16,17,9,24,13,12,16,10,11,12,15,13,10,20,12
55087,Outagamie,18,12,15,12,13,11,17,9,10,6,18,21,14,13,7,11,14
5033,Crawford,21,18,19,27,13,11,14,14,18,14,15,14,16,14,20,11,13
22079,Rapides,19,20,29,12,19,12,32,12,16,10,18,14,15,14,12,16,20
51840,Winchester,21,21,29,14,8,13,15,19,10,16,10,17,14,9,14,11,13
37087,Haywood,26,28,23,12,11,11,15,9,19,9,10,11,11,8,10,9,12
27037,Dakota,11,21,15,9,13,20,10,12,10,14,12,16,16,15,10,12,10
21015,Boone,24,14,16,10,9,13,12,17,13,10,8,9,14,11,9,16,13
56025,Natrona,14,17,17,18,18,19,13,17,11,10,19,16,26,13,16,16,19
18109,Morgan,16,15,14,14,9,15,13,16,15,9,8,11,12,16,10,12,11
48139,Ellis,36,44,44,19,14,27,24,22,18,16,27,14,51,13,21,17,44
12035,Flagler,14,14,24,31,13,22,12,16,13,20,13,18,18,13,13,13,8
17073,Henry,18,17,13,15,9,17,13,9,14,7,13,10,13,12,16,10,14
23031,York,18,10,16,9,9,10,13,17,11,15,10,8,9,10,14,9,10
34025,Monmouth,21,22,32,16,9,10,14,17,18,15,12,10,10,19,14,10,17
5045,Faulkner,18,20,15,11,13,16,21,17,19,13,16,15,15,12,13,19,13
27003,Anoka,11,24,16,12,16,20,14,12,11,13,13,16,16,14,18,14,10
18141,St. Joseph,17,16,11,15,10,15,10,12,13,13,10,11,10,14,13,10,14
23019,Penobscot,16,11,13,8,10,13,7,9,11,8,14,12,7,9,9,14,9
6065,Riverside,54,126,82,133,68,90,68,33,63,50,39,62,46,32,65,63,43
19169,Story,23,13,12,21,15,19,12,11,15,9,18,11,19,17,11,13,15
45085,Sumter,19,38,38,15,11,12,21,13,18,10,15,11,12,13,13,13,13
6029,Kern,111,81,74,59,32,140,41,35,34,74,58,88,33,67,53,53,55
44007,Providence,20,10,32,14,9,10,13,10,18,13,13,11,9,10,13,10,13
48491,Williamson,39,23,36,34,15,14,26,21,37,21,33,20,28,16,25,17,44
42025,Carbon,14,21,19,10,10,10,14,16,12,15,11,10,9,9,8,8,9
45083,Spartanburg,11,28,28,11,10,11,27,9,18,9,10,11,12,19,10,10,12
55073,Marathon,12,14,15,9,13,18,9,6,8,9,17,20,13,14,12,11,14
42013,Blair,13,12,16,16,10,10,17,14,10,13,7,10,10,7,8,11,9
27123,Ramsey,11,24,15,9,13,20,10,18,11,12,13,16,16,14,8,12,10
12071,Lee,22,35,23,25,19,25,13,24,18,19,22,22,17,21,14,13,11
41033,Josephine,46,34,22,68,53,38,61,36,31,62,49,56,50,26,30,35,34
31153,Sarpy,54,14,30,20,16,21,23,19,35,13,17,29,21,23,13,21,22
42111,Somerset,13,11,16,21,8,10,14,14,11,12,8,8,9,6,8,8,9
51191,Washington,12,20,29,9,6,9,15,9,12,10,7,9,10,9,10,8,12
37081,Guilford,15,43,28,17,10,11,18,9,18,10,14,14,16,11,10,15,15
16001,Ada,54,51,36,37,34,20,24,52,70,21,40,23,18,16,32,26,20
17203,Woodford,30,13,16,18,11,16,19,8,13,9,10,11,13,12,14,10,12
13245,Richmond,22,33,20,16,12,15,30,11,19,13,12,19,14,17,19,15,12
34035,Somerset,18,21,28,16,9,10,14,17,16,15,10,10,10,10,18,9,17
42049,Erie,13,8,16,10,11,11,12,15,13,11,13,10,9,10,8,8,10
51161,Roanoke,13,41,29,16,8,10,15,11,15,10,13,11,11,13,11,10,11
51015,Augusta,9,22,37,16,10,9,15,10,12,9,10,9,14,9,11,10,11
27009,Benton,14,17,14,15,12,15,12,12,15,14,17,25,13,15,12,9,10
12005,Bay,17,19,17,12,21,13,18,21,17,15,13,15,22,13,21,14,13
1077,Lauderdale,25,38,28,16,8,21,22,15,18,16,19,14,19,15,9,12,15
40109,Oklahoma,23,28,20,29,18,15,22,16,18,17,26,18,39,28,19,16,16
51670,Hopewell,20,43,39,22,15,20,22,17,44,16,13,23,18,16,26,17,16
17201,Winnebago,21,19,18,11,18,15,15,7,12,8,19,20,13,17,14,10,14
24045,Wicomico,21,21,34,18,9,13,13,29,16,12,18,13,12,13,10,10,11
37097,Iredell,10,39,28,17,11,9,27,8,21,10,12,15,17,10,14,15,14
53073,Whatcom,16,19,16,26,24,13,14,12,14,17,13,21,12,12,13,14,15
34029,Ocean,21,22,32,16,9,10,14,15,16,13,11,13,10,10,14,8,18
40031,Comanche,28,43,20,29,24,16,36,20,14,28,23,19,29,24,17,19,21
26049,Genesee,15,16,12,16,9,11,16,15,13,10,11,11,9,8,16,9,8
22007,Assumption,19,14,39,30,21,11,27,25,15,13,18,13,24,10,15,24,12
53007,Chelan,18,25,23,26,44,16,23,24,26,25,20,18,25,11,17,18,25
40027,Cleveland,28,28,20,29,23,15,35,19,18,23,23,17,28,33,16,18,19
37085,Harnett,16,39,38,19,10,11,16,10,21,10,13,13,14,12,12,15,15
40145,Wagoner,22,37,19,27,12,14,20,20,20,17,21,13,11,10,16,10,12
27163,Washington,11,24,15,9,13,20,10,11,9,9,24,16,13,14,13,13,10
51740,Portsmouth,19,39,39,18,15,20,19,17,44,19,14,23,18,15,36,17,23
42051,Fayette,13,11,16,10,9,10,14,8,11,7,8,7,8,6,9,9,8
26025,Calhoun,16,16,12,23,8,12,18,14,14,13,12,10,11,14,14,8,14
8123,Weld,33,27,23,32,15,20,14,11,12,13,15,11,9,14,12,10,17
19153,Polk,23,16,13,25,10,19,10,13,10,9,18,10,15,23,9,11,18
13179,Liberty,22,26,18,13,13,14,13,14,18,14,13,14,14,14,12,15,12
47187,Williamson,18,13,24,12,8,14,14,10,16,15,12,15,13,15,7,20,13
56021,Laramie,14,27,23,16,12,20,13,9,10,13,11,23,16,19,13,10,16
53003,Asotin,35,48,52,23,19,15,61,33,30,20,16,24,26,30,14,30,31
13247,Rockdale,17,28,28,12,10,11,24,13,20,12,13,13,14,18,12,13,12
35045,San Juan,59,78,32,61,24,59,26,17,19,24,19,18,46,39,25,38,13
6019,Fresno,26,37,74,59,32,49,19,27,43,41,24,42,35,56,47,49,29
17167,Sangamon,15,12,15,12,12,20,14,16,13,14,8,12,12,13,16,12,11
40113,Osage,21,36,19,29,12,11,15,20,30,13,18,13,15,21,16,13,16
37035,Catawba,13,38,28,16,11,11,27,8,18,9,12,10,17,10,10,15,14
17179,Tazewell,30,13,16,22,13,16,14,12,13,9,8,9,12,8,12,10,11
8069,Larimer,15,11,13,18,11,10,9,8,8,21,8,13,9,18,10,9,17
21227,Warren,18,12,15,11,7,11,14,9,16,14,16,10,13,14,6,20,13
22017,Caddo,20,18,27,12,14,15,17,15,16,13,21,16,16,21,21,17,43
18035,Delaware,17,12,13,21,15,17,20,13,19,20,15,20,20,20,13,13,20
28045,Hancock,18,23,36,20,24,12,24,27,16,14,18,14,13,14,12,22,25
47093,Knox,26,20,25,11,11,10,14,10,19,10,10,11,12,9,9,9,12
29095,Jackson,18,18,24,21,11,12,14,14,13,11,11,14,21,22,18,13,15
27145,Stearns,14,17,16,16,12,18,12,12,15,14,13,15,13,15,11,9,10
27141,Sherburne,13,17,16,12,12,18,12,12,15,13,13,16,13,15,11,9,10
55101,Racine,17,11,18,13,11,14,11,8,13,10,20,12,12,23,9,10,14
40083,Logan,22,56,19,29,19,14,22,16,30,18,26,18,19,28,13,15,16
36065,Oneida,14,8,19,10,12,9,12,9,12,13,10,7,9,8,8,11,12
53017,Douglas,36,50,36,61,36,38,23,30,30,27,20,26,61,22,14,20,33
1045,Dale,17,30,39,16,26,13,18,17,20,10,18,14,14,17,24,15,12
6039,Madera,21,37,75,48,48,49,27,31,43,43,24,89,35,29,48,60,34
37071,Gaston,14,38,28,16,11,11,27,8,18,9,12,10,17,10,14,15,14
37101,Johnston,18,39,36,11,10,11,12,12,14,11,13,13,13,11,10,14,13
6085,Santa Clara,124,84,156,73,51,83,58,56,41,76,100,75,52,73,110,120,57
45019,Charleston,18,18,17,11,14,14,12,14,17,18,14,17,11,12,13,10,13
53005,Benton,36,57,54,70,33,36,24,48,30,34,23,20,30,25,17,25,56
39043,Erie,15,9,12,10,11,11,12,11,14,11,8,9,8,8,14,10,9
17183,Vermilion,19,15,15,15,10,15,13,9,13,15,19,12,13,8,13,10,23
29189,St. Louis,19,12,15,16,13,21,16,13,12,9,10,14,12,14,12,13,14
17007,Boone,36,18,18,11,18,16,15,10,28,14,24,28,22,22,14,18,21
55025,Dane,18,11,18,10,9,16,9,7,10,8,17,12,12,21,13,10,10
22051,Jefferson,18,11,16,17,17,11,23,24,15,12,19,14,27,8,12,22,11
22103,St. Tammany,18,15,36,30,24,12,23,17,16,14,18,14,13,8,12,22,15
27137,St. Louis,15,15,14,9,8,7,7,7,15,7,12,14,13,10,10,11,8
39093,Lorain,15,9,12,11,11,11,14,14,14,8,7,10,10,11,13,9,16
24025,Harford,21,21,30,18,8,10,13,22,15,13,12,11,12,9,14,11,13
45037,Edgefield,22,33,39,16,9,12,38,11,18,11,12,14,11,13,12,12,12
55015,Calumet,22,10,15,12,13,16,15,11,8,11,20,10,13,16,8,11,10
37129,New Hanover,18,18,19,11,10,14,13,9,17,12,16,16,17,9,10,13,11
51003,Albemarle,10,22,37,17,8,9,15,10,11,10,10,9,11,10,14,11,11
47147,Robertson,18,15,24,11,8,11,22,9,16,17,11,16,13,14,8,20,11
22033,East Baton Rouge,18,17,39,30,20,12,27,13,15,12,18,16,14,13,12,16,17
24037,St. Mary's,19,21,37,17,11,11,13,34,23,11,14,14,17,7,14,8,11
26081,Kent,17,16,17,15,13,11,17,15,12,8,21,12,11,13,8,10,15
37147,Pitt,19,26,36,12,10,10,13,9,14,11,12,13,9,10,10,14,14
12105,Polk,17,35,19,13,25,25,13,24,19,20,26,14,17,8,13,12,13
33015,Rockingham,20,10,16,9,9,10,12,11,11,15,11,11,9,9,11,9,12
53033,King,18,8,22,26,23,21,23,24,26,22,19,32,14,10,15,19,25
41017,Deschutes,35,53,22,30,30,17,48,16,30,33,41,20,18,25,32,40,30
19155,Pottawattamie,25,10,30,19,12,22,21,17,32,14,17,29,21,26,16,21,21
36107,Tioga,13,12,19,14,11,10,14,17,11,9,11,9,9,8,8,7,8
13121,Fulton,17,18,28,12,10,10,14,11,16,12,12,12,12,18,11,10,12
55055,Jefferson,18,13,18,10,13,16,11,7,11,13,20,13,10,14,11,10,10
37141,Pender,18,26,19,11,9,14,13,9,14,11,13,15,12,7,10,14,11
32031,Washoe,62,55,65,33,17,30,24,52,28,29,41,35,34,15,19,37,37
9001,Fairfield,20,21,19,10,9,15,14,8,13,12,10,11,9,10,11,7,13
6077,San Joaquin,84,84,156,107,63,83,48,62,123,132,86,70,69,70,47,69,95
1069,Houston,18,29,39,16,26,12,18,16,20,15,18,14,15,15,20,15,12
46103,Pennington,11,14,30,18,13,11,16,13,10,16,15,13,17,16,13,11,19
13029,Bryan,22,29,25,13,20,14,13,15,18,14,14,14,14,14,12,23,13
51053,Dinwiddie,19,42,36,22,7,12,13,15,19,10,12,15,10,12,10,10,13
12111,St. Lucie,17,33,23,16,32,28,15,23,17,30,29,12,17,15,15,16,11
36055,Monroe,13,21,16,12,10,10,12,11,12,13,14,8,11,8,8,9,11
46083,Lincoln,45,12,40,17,15,20,9,12,20,12,12,13,17,20,13,9,10
55017,Chippewa,12,19,15,7,13,18,10,10,10,7,15,16,12,14,8,9,12
13185,Lowndes,26,32,21,25,31,13,14,15,22,17,13,13,18,14,14,32,15
26099,Macomb,17,16,16,16,12,19,16,15,14,10,10,11,8,10,13,8,11
51710,Norfolk,18,20,19,14,11,12,15,14,20,15,12,14,10,8,10,14,20
51155,Pulaski,9,20,29,16,6,10,15,10,12,10,13,9,11,11,7,9,9
37179,Union,12,38,28,17,10,11,15,9,21,9,11,14,17,9,18,15,14
12091,Okaloosa,12,18,15,14,20,12,18,16,16,12,13,16,20,15,17,21,18
6001,Alameda,124,84,90,73,45,73,58,43,41,56,57,75,67,65,57,58,46
34015,Gloucester,21,21,31,17,7,10,14,15,16,15,12,10,17,9,14,8,13
33011,Hillsborough,17,10,23,10,9,10,13,9,11,15,11,11,9,10,11,9,12
41053,Polk,33,43,29,36,34,53,37,21,20,23,21,35,23,23,24,23,46
48355,Nueces,28,34,20,35,16,23,23,29,35,24,26,23,33,20,30,15,28
1089,Madison,17,17,25,10,8,15,18,13,15,15,11,14,19,19,10,13,14
47189,Wilson,18,13,24,14,8,11,23,17,16,15,11,11,13,15,9,20,13
22045,Iberia,18,11,24,21,21,12,20,20,15,12,18,14,24,10,12,21,9
37133,Onslow,17,18,19,11,9,16,13,9,17,12,13,13,17,9,9,11,13
51520,Bristol,17,20,20,9,6,9,15,10,12,10,7,9,10,9,10,8,12
17197,Will,17,17,12,9,10,15,24,8,13,7,20,9,11,14,12,11,11
29047,Clay,22,24,24,20,23,12,14,16,29,14,15,16,28,28,15,19,20
18011,Boone,16,15,10,14,11,15,13,16,13,15,14,11,11,14,19,9,11
19163,Scott,28,17,13,18,9,16,13,9,11,9,20,14,12,12,16,14,14
28047,Harrison,18,15,28,19,17,12,23,25,16,14,19,15,14,14,12,22,19
47011,Bradley,21,29,28,10,11,14,14,13,17,13,9,11,13,14,9,12,12
36007,Broome,13,13,19,14,11,10,13,16,11,8,11,10,9,8,8,8,8
39081,Jefferson,15,13,16,10,9,13,16,11,16,9,14,10,8,12,10,13,7
34011,Cumberland,21,21,31,18,9,10,14,14,16,13,12,10,17,9,9,8,13
55031,Douglas,15,14,11,18,13,8,11,13,18,7,15,14,13,15,6,10,10
37065,Edgecombe,19,38,36,18,8,10,19,9,14,11,12,13,10,11,10,11,14
13213,Murray,21,28,28,12,11,10,15,13,17,12,9,13,13,14,9,12,12
36083,Rensselaer,13,21,23,9,9,9,13,8,7,13,10,11,10,9,11,14,11
12021,Collier,32,26,31,26,18,17,13,23,17,19,32,14,17,16,19,13,11
1015,Calhoun,17,28,25,12,16,15,16,12,22,16,11,14,12,18,11,12,12
28059,Jackson,11,17,28,18,17,13,23,15,18,14,19,26,14,15,12,25,18
21037,Campbell,24,14,16,11,10,13,12,17,13,10,10,12,11,11,9,16,13
48071,Chambers,21,20,14,23,22,12,20,16,13,12,24,18,21,13,13,11,16
48199,Hardin,21,18,41,20,14,12,20,21,14,15,21,14,21,11,14,11,12
9005,Litchfield,12,21,19,10,9,15,14,9,12,13,11,11,9,10,11,6,12
26145,Saginaw,16,13,13,14,11,11,18,20,10,10,21,13,11,10,18,10,9
51023,Botetourt,13,20,39,17,10,9,15,11,12,9,11,18,11,12,14,10,11
17119,Madison,19,12,15,15,12,15,16,14,12,9,15,12,13,14,9,19,14
48085,Collin,24,51,27,26,15,20,18,21,19,16,27,15,33,18,21,23,40
12115,Sarasota,18,30,30,27,26,25,18,24,20,19,21,22,18,11,13,25,12
4015,Mohave,34,64,60,73,48,97,35,32,41,36,39,27,40,51,48,52,21
4025,Yavapai,60,77,32,93,44,87,29,22,42,44,47,18,44,47,39,67,22
45051,Horry,17,18,36,11,11,11,12,13,18,11,13,16,14,9,12,14,11
42091,Montgomery,21,21,32,14,8,10,14,15,16,15,12,10,10,7,14,8,13
34027,Morris,18,20,28,11,9,10,14,17,10,15,11,16,10,10,13,10,18
48039,Brazoria,22,22,26,23,22,15,18,19,11,16,21,16,33,13,13,16,30
51790,Staunton,17,43,39,17,15,26,23,19,23,18,16,24,17,23,26,18,17
39113,Montgomery,24,14,16,10,9,13,10,16,14,15,12,9,10,14,14,17,12
26017,Bay,16,13,13,16,12,11,18,16,10,11,21,13,11,11,18,10,9
47157,Shelby,17,26,15,12,10,25,22,16,14,15,15,15,15,23,10,12,11
6007,Butte,66,79,89,81,48,63,56,33,48,83,31,44,50,43,25,49,51
55009,Brown,22,10,15,12,13,11,17,10,10,8,20,21,14,16,12,11,14
22109,Terrebonne,18,11,24,12,21,11,22,15,15,12,19,13,23,14,12,18,10
51830,Williamsburg,18,42,39,18,11,12,13,20,23,11,12,22,10,13,10,11,15
40079,Le Flore,21,24,20,15,13,13,23,18,14,12,10,14,12,14,14,21,13
37119,Mecklenburg,12,39,28,17,12,11,16,8,21,9,12,14,17,9,18,15,14
34013,Essex,18,20,28,12,9,10,14,17,16,15,11,16,10,10,18,10,17
48135,Ector,77,69,48,39,47,33,45,52,25,44,31,56,97,38,65,51,16
54003,Berkeley,21,21,29,14,8,13,15,18,10,15,11,14,14,9,14,11,13
48121,Denton,28,46,37,27,15,17,21,24,19,17,27,19,33,14,13,21,22
17133,Monroe,19,12,20,19,13,21,16,13,16,12,16,14,13,13,12,12,26
13295,Walker,21,29,28,10,8,10,14,13,15,16,9,12,14,15,9,12,12
53015,Cowlitz,22,26,31,60,34,52,24,24,26,25,28,27,25,18,12,23,25
6047,Merced,68,84,156,73,56,49,35,62,140,128,100,126,36,37,43,69,66
37023,Burke,11,20,28,11,11,11,27,8,18,16,11,10,12,16,10,11,12
37191,Wayne,18,39,36,12,10,11,18,13,16,11,13,13,12,11,12,12,14
37059,Davie,14,43,28,18,10,11,27,12,23,10,13,15,17,10,10,15,14
39011,Auglaize,15,12,16,11,7,13,11,9,13,13,10,10,8,15,14,9,11
22015,Bossier,18,18,27,12,24,15,17,15,16,13,21,14,16,13,14,18,43
29027,Callaway,19,14,15,18,11,12,14,15,11,12,10,13,11,14,19,13,15
42093,Montour,13,12,20,12,10,10,19,15,11,9,11,6,9,10,11,9,10
36081,Queens,21,21,19,12,9,10,14,13,18,15,11,11,10,10,18,8,18
45057,Lancaster,12,38,28,19,10,11,15,10,22,9,11,13,14,8,18,15,14
19193,Woodbury,34,13,31,18,13,18,9,11,11,9,14,27,18,25,15,14,10
29099,Jefferson,19,13,15,21,8,12,18,13,12,9,11,14,13,13,12,10,26
13051,Chatham,22,29,26,14,20,18,13,15,26,20,14,14,12,13,11,13,13
23005,Cumberland,12,11,16,10,9,12,13,11,10,12,11,9,9,9,11,13,10
5119,Pulaski,18,20,18,11,10,16,21,17,18,12,16,15,16,16,11,18,13
16005,Bannock,15,27,36,40,19,21,22,20,20,20,13,23,16,16,12,21,18
39055,Geauga,14,9,17,10,11,14,12,14,13,8,7,10,10,11,10,9,8
6107,Tulare,120,79,75,41,32,76,24,35,26,72,75,45,53,56,47,49,54
36117,Wayne,14,17,15,10,10,10,13,10,10,11,10,8,10,8,8,9,11
42045,Delaware,21,21,31,14,7,10,14,14,16,15,12,10,9,7,14,8,13
36063,Niagara,13,8,16,16,11,14,16,11,13,13,11,15,11,10,9,10,18
12019,Clay,18,13,17,28,13,22,19,16,14,18,15,19,18,17,13,13,9
37183,Wake,16,39,38,17,10,11,16,8,14,9,13,14,16,9,10,14,15
39061,Hamilton,24,14,16,11,9,13,12,17,13,10,10,9,9,11,9,16,13
34003,Bergen,18,20,19,10,9,10,14,17,10,15,11,10,10,10,17,9,18
17043,DuPage,21,17,12,10,11,16,24,8,13,8,20,9,12,14,11,11,15
13219,Oconee,17,28,39,13,22,17,33,20,33,17,16,24,32,21,22,33,22
26115,Monroe,14,12,13,20,10,17,16,15,14,10,8,10,9,12,13,8,9
21211,Shelby,18,12,16,11,9,14,12,18,14,10,12,10,14,11,8,16,11
42001,Adams,21,21,20,13,8,10,14,20,10,13,12,17,9,9,14,7,10
47037,Davidson,18,15,24,13,8,11,22,9,16,15,11,11,13,15,9,20,13
49049,Utah,29,35,23,42,20,14,15,19,29,22,22,17,19,29,19,17,13
18021,Clay,19,15,15,15,10,15,17,11,15,15,8,11,12,11,12,12,11
36047,Kings,18,20,19,13,16,14,16,20,20,19,13,19,17,27,49,19,18
26077,Kalamazoo,16,16,12,15,8,17,18,12,14,14,12,10,11,14,13,8,15
29077,Greene,20,14,14,15,12,9,12,18,14,14,11,14,15,11,14,12,19
42077,Lehigh,16,21,29,12,10,10,14,16,12,15,9,17,9,9,14,9,10
36015,Chemung,13,12,16,17,10,10,14,17,11,9,10,7,10,8,8,7,10
6099,Stanislaus,62,84,156,73,56,83,48,59,133,128,100,126,69,40,47,69,112
42095,Northampton,16,21,29,14,10,10,14,16,12,15,11,17,9,9,14,9,11
1103,Morgan,17,17,25,10,8,15,18,13,15,15,11,14,19,19,10,13,14
12097,Osceola,17,22,19,13,30,14,20,24,20,20,29,14,17,12,13,12,13
36061,New York,18,20,19,13,16,14,16,20,20,19,13,19,17,27,49,19,18
5007,Benton,22,24,18,27,12,17,12,18,16,12,15,14,15,16,18,11,18
12083,Marion,17,15,24,17,20,22,19,17,22,20,19,22,17,17,13,12,8
34041,Warren,12,21,19,14,12,10,14,17,12,15,11,17,9,9,11,9,12
13103,Effingham,13,29,25,17,18,28,19,17,26,14,14,12,13,12,13,15,13
42041,Cumberland,16,21,20,13,8,10,14,20,10,13,9,17,9,7,14,7,10
42055,Franklin,16,21,19,12,8,9,15,20,10,12,10,14,9,7,12,11,10
42079,Luzerne,13,21,19,12,10,10,14,15,11,8,10,10,9,9,9,7,10
1113,Russell,17,30,39,12,14,13,20,17,19,18,12,15,14,18,14,13,12
17097,Lake,17,17,18,10,12,17,11,8,13,11,20,9,11,14,15,11,15
13067,Cobb,17,18,28,12,10,10,18,13,15,16,9,12,12,18,11,12,12
39013,Belmont,15,11,16,9,9,13,16,13,13,9,14,10,8,14,10,13,9
24017,Charles,22,15,37,17,8,9,13,33,14,11,14,9,9,9,14,10,11
29031,Cape Girardeau,25,12,15,20,12,23,14,11,15,12,16,14,15,12,10,14,11
53071,Walla Walla,32,56,33,26,19,20,24,33,30,17,20,16,27,30,17,30,30
48113,Dallas,24,60,39,20,24,21,17,22,19,16,27,14,39,14,21,18,40
22073,Ouachita,18,18,26,12,24,15,21,17,23,13,16,15,13,11,12,16,23
22095,St. John the Baptist,18,15,39,30,20,11,25,25,15,15,18,13,19,9,12,22,17
47155,Sevier,26,41,25,11,11,9,15,10,19,8,10,11,11,9,10,9,12
48141,El Paso,85,60,145,67,63,33,44,55,35,79,34,56,63,31,67,39,22
39167,Washington,15,11,15,10,9,10,9,9,13,9,8,10,8,9,7,9,9
21111,Jefferson,24,11,16,17,9,24,13,12,11,10,11,12,15,13,10,20,12
55139,Winnebago,22,11,15,12,13,15,15,11,8,8,18,13,13,13,8,11,13
26111,Midland,16,13,13,15,9,11,18,20,10,10,20,13,11,10,18,9,9
21093,Hardin,24,11,15,11,8,14,15,18,16,13,11,10,13,13,8,20,13
51630,Fredericksburg,21,43,38,17,15,13,21,21,21,16,12,24,18,17,26,20,16
54081,Raleigh,17,19,16,16,9,9,15,9,12,10,7,9,10,7,8,7,10
35049,Santa Fe,34,27,39,31,26,71,19,29,31,28,21,20,38,20,16,23,11
6059,Orange,38,81,61,77,32,81,37,21,31,28,33,32,56,32,28,54,24
18067,Howard,17,12,11,14,12,13,13,8,11,14,11,9,11,13,13,10,19
21047,Christian,23,15,15,17,9,18,13,9,14,14,9,10,13,14,11,10,15
26045,Eaton,16,14,13,13,10,11,18,15,14,10,12,10,11,11,14,8,9
6025,Imperial,99,115,119,116,82,131,89,42,80,54,82,62,46,39,65,81,41
26027,Cass,17,14,12,14,9,15,18,11,13,13,9,10,11,14,13,10,10
18029,Dearborn,24,12,16,12,9,24,12,17,13,13,12,12,14,14,8,16,10
5035,Crittenden,17,20,15,11,10,25,22,16,15,15,16,15,15,23,10,19,12
36067,Onondaga,14,8,16,10,7,12,13,9,12,9,10,7,9,8,8,11,11
6101,Sutter,146,79,90,168,84,113,89,95,63,131,41,129,72,71,45,138,95
17143,Peoria,30,13,16,22,11,16,14,12,13,9,10,10,12,12,16,10,18
42003,Allegheny,13,10,16,9,9,10,16,16,11,9,11,7,8,7,10,8,7
17019,Champaign,19,15,15,15,12,15,14,9,13,14,13,12,13,12,13,10,17
48423,Smith,22,27,21,15,14,14,18,21,18,16,21,15,14,15,16,15,46
40143,Tulsa,30,25,19,27,13,13,20,20,30,17,21,13,12,18,16,11,14
26125,Oakland,15,16,13,16,9,11,16,15,14,10,10,10,9,9,16,9,7
12001,Alachua,17,20,19,29,14,22,19,15,15,18,21,25,18,17,13,24,9
42017,Bucks,16,21,29,14,10,10,14,17,12,15,11,12,9,9,14,9,10
42081,Lycoming,13,12,19,12,10,10,19,15,11,6,10,7,9,10,9,8,11
48451,Tom Green,41,44,36,39,27,17,45,24,30,26,31,53,29,56,30,26,23
39025,Clermont,24,14,16,10,7,13,12,13,15,13,9,9,10,9,9,16,13
42075,Lebanon,16,21,20,12,10,10,14,16,12,12,9,10,9,7,11,7,10
34031,Passaic,18,20,19,10,9,10,14,17,10,15,11,10,10,10,17,9,18
27053,Hennepin,11,21,15,11,16,20,12,11,11,13,13,16,16,15,7,12,10
42027,Centre,13,12,16,16,8,9,18,15,11,8,11,10,9,10,8,8,10
21185,Oldham,25,14,16,17,20,24,20,23,20,17,16,29,24,14,10,20,12
13057,Cherokee,17,18,28,14,15,17,38,20,28,28,21,23,16,18,12,17,13
50007,Chittenden,15,10,17,10,12,13,12,8,10,13,13,8,9,9,13,11,13
22057,Lafourche,18,11,25,11,21,12,23,15,15,16,19,13,27,9,12,18,10
12113,Santa Rosa,12,17,29,15,20,13,23,16,16,12,17,14,20,18,19,14,18
51031,Campbell,11,42,39,17,6,12,13,14,13,10,12,9,11,16,14,10,15
35001,Bernalillo,44,32,21,32,29,72,35,29,47,36,16,27,38,23,30,36,15
24043,Washington,21,21,20,13,8,9,15,18,10,12,12,11,9,9,14,11,13
34033,Salem,21,21,31,18,9,10,14,14,16,13,12,10,17,9,9,8,13
51680,Lynchburg,11,42,39,18,10,12,13,10,17,11,16,10,12,13,14,10,15
5125,Saline,18,20,18,12,10,16,21,17,26,13,16,15,16,16,17,14,13
26005,Allegan,17,14,10,14,9,11,15,10,13,14,9,12,11,16,17,10,10
39049,Franklin,22,12,16,10,9,13,8,13,13,13,9,9,8,11,14,13,10
12009,Brevard,17,18,14,12,25,16,13,23,14,13,12,10,17,10,13,12,9
18105,Monroe,18,15,16,14,10,15,12,12,15,15,11,11,11,26,7,15,11
27103,Nicollet,11,17,20,10,15,20,17,12,19,14,14,18,26,13,18,12,16
53011,Clark,22,26,31,61,37,35,24,24,28,25,28,34,34,22,23,23,25
13217,Newton,17,28,28,12,10,11,33,13,21,13,12,13,14,21,17,15,12
22063,Livingston,18,15,39,30,20,12,28,17,15,15,18,14,13,13,12,21,17
25009,Essex,33,10,23,12,9,13,13,17,16,15,11,15,9,9,13,9,12
8035,Douglas,30,27,51,29,18,25,17,11,17,24,10,22,23,15,14,8,24
45079,Richland,13,38,39,16,9,12,18,17,18,9,12,14,12,13,13,19,13
18095,Madison,17,12,13,14,9,12,10,8,13,15,8,11,11,12,13,10,11
54009,Brooke,19,11,16,10,16,24,17,18,20,13,18,17,18,20,13,21,13
30111,Yellowstone,21,21,26,23,21,14,13,14,13,13,11,11,9,11,12,16,11
22121,West Baton Rouge,19,17,28,30,24,12,27,13,16,12,18,17,14,13,12,16,17
38059,Morton,14,12,28,13,13,17,20,13,18,14,13,15,16,16,15,18,17
37021,Buncombe,14,21,26,11,10,11,18,8,19,9,8,11,11,12,10,9,12
51730,Petersburg,20,43,39,22,15,20,22,17,44,16,13,23,18,16,26,17,16
46093,Meade,29,14,31,16,12,19,16,14,14,16,13,14,19,16,10,11,17
18097,Marion,16,12,12,14,10,25,13,16,15,15,8,11,11,19,18,10,11
13021,Bibb,17,32,39,16,13,12,18,18,21,14,14,13,14,21,24,21,12
48183,Gregg,23,28,27,15,14,13,21,22,16,19,21,15,15,17,14,15,42
36087,Rockland,18,20,19,10,9,10,14,17,10,15,11,10,10,10,17,9,18
51800,Suffolk,18,26,36,18,11,12,14,14,14,13,12,14,10,10,10,9,20
8041,El Paso,33,18,50,38,27,20,12,10,26,17,26,17,18,17,16,13,21
51059,Fairfax,21,14,37,16,6,10,14,31,11,13,14,11,9,13,14,10,13
47001,Anderson,26,20,25,10,11,10,14,10,21,11,10,10,12,9,9,9,12
10001,Kent,21,21,24,19,9,9,13,13,16,13,12,10,17,13,9,10,13
39173,Wood,14,12,13,20,9,11,13,14,14,9,10,9,9,8,13,8,9
13157,Jackson,17,18,28,13,10,11,27,11,16,13,11,12,13,10,11,15,12
6081,San Mateo,47,53,69,59,26,49,31,27,31,30,25,33,36,17,36,54,44
39159,Union,20,12,16,10,9,13,15,13,13,14,9,12,8,11,14,13,11
39035,Cuyahoga,14,9,17,11,11,14,12,14,14,8,7,10,10,13,10,9,8
41059,Umatilla,35,56,38,25,18,17,34,16,30,17,14,16,34,23,17,23,30
13313,Whitfield,21,29,28,10,8,10,14,13,15,16,9,12,14,15,9,12,12
53035,Kitsap,18,12,20,27,21,23,25,24,26,23,16,35,18,10,17,19,24
17111,McHenry,17,17,18,15,12,16,15,7,12,8,20,12,13,13,12,10,12
39165,Warren,24,14,16,10,9,13,10,13,13,10,9,9,9,11,9,16,12
13255,Spalding,17,28,28,12,12,11,33,18,21,19,15,13,14,18,12,15,12
34019,Hunterdon,18,21,28,16,10,10,14,17,10,15,11,17,10,10,14,9,17
44001,Bristol,19,11,32,14,10,10,13,14,21,13,13,11,9,10,13,8,13
44005,Newport,13,11,32,16,10,15,14,20,18,13,11,11,9,11,11,17,13
39045,Fairfield,21,20,16,9,10,14,15,8,13,10,9,15,10,10,8,18,9
1051,Elmore,17,30,36,14,14,15,14,18,15,13,13,14,11,17,12,13,12
37089,Henderson,14,29,28,11,10,11,27,10,19,11,8,11,12,24,10,10,12
12061,Indian River,17,41,23,26,37,28,13,23,14,20,25,10,17,13,24,18,9
8077,Mesa,21,25,24,56,22,16,14,20,19,23,15,23,24,37,30,21,11
42115,Susquehanna,13,12,19,9,11,10,14,16,12,9,11,10,9,8,9,8,10
42125,Washington,13,9,16,10,9,10,16,13,11,8,14,7,8,7,9,9,9
26121,Muskegon,18,16,24,14,14,12,18,15,11,13,21,13,13,13,8,11,11
28049,Hinds,18,25,28,12,20,13,22,14,14,15,22,15,14,18,11,12,14
51107,Loudoun,21,21,37,18,8,9,15,21,11,13,10,11,9,9,18,11,10
37127,Nash,19,38,36,17,10,11,19,10,16,11,12,13,10,8,10,12,15
51199,York,18,22,39,19,11,12,14,14,18,16,15,22,13,8,10,11,15
30063,Missoula,18,24,18,12,7,10,10,12,14,14,11,12,10,13,11,14,11
48459,Upshur,22,27,21,15,14,13,18,21,16,13,21,15,15,15,16,15,50
54069,Ohio,15,10,16,10,9,10,16,13,12,8,14,10,8,14,9,9,9
51165,Rockingham,16,21,23,13,6,9,15,13,10,14,9,11,14,8,8,10,11
22071,Orleans,18,15,36,21,24,12,23,25,16,14,18,14,19,11,12,22,19
1073,Jefferson,17,28,25,12,12,15,18,12,15,15,12,14,13,12,9,11,13
13083,Dade,29,29,28,15,21,21,45,19,28,23,16,23,18,20,23,17,20
28033,DeSoto,19,26,15,12,12,25,22,17,15,15,16,16,16,23,10,14,11
47113,Madison,33,26,15,11,9,15,22,13,16,15,15,15,16,19,10,13,15
39089,Licking,20,20,16,10,9,14,15,7,13,10,9,14,8,13,10,13,9
51683,Manassas,22,21,38,17,10,11,21,34,20,24,19,24,18,16,26,13,15
1101,Montgomery,17,30,36,15,14,13,14,18,22,10,14,20,14,17,12,12,13
8005,Arapahoe,33,18,23,32,22,20,22,11,18,16,15,36,21,14,24,14,27
53057,Skagit,18,19,16,26,20,16,23,13,15,17,14,20,12,13,12,18,15
37019,Brunswick,19,18,36,12,11,14,13,9,17,12,18,19,17,9,12,13,11
31079,Hall,33,18,38,22,19,15,25,16,35,12,12,14,18,17,10,22,18
27013,Blue Earth,11,13,20,10,16,20,7,11,11,13,26,18,26,14,10,11,16
51177,Spotsylvania,19,22,37,18,8,9,17,20,14,10,13,11,10,9,11,10,15
33017,Strafford,19,10,16,9,9,12,12,9,11,14,11,11,9,9,13,9,10
13153,Houston,18,33,39,16,12,13,18,18,21,12,12,13,14,21,24,10,13
5131,Sebastian,20,23,19,18,13,14,23,19,18,14,16,14,16,14,16,21,13
6087,Santa Cruz,76,79,69,73,31,73,30,29,31,42,28,75,32,21,86,54,44
13117,Forsyth,17,18,28,16,10,11,18,10,15,12,12,12,12,18,12,13,12
48409,San Patricio,28,39,29,25,16,23,18,24,39,35,40,16,40,23,36,12,28
45091,York,13,38,28,16,10,11,15,8,19,9,12,10,17,10,14,15,15
22005,Ascension,18,15,39,30,20,13,28,25,12,15,18,13,19,9,12,22,17
51041,Chesterfield,19,42,37,22,7,11,15,20,19,10,12,15,8,13,11,10,15
54039,Kanawha,13,12,15,16,9,9,8,9,12,10,10,10,8,9,8,11,13
39153,Summit,15,14,8,10,11,11,14,13,14,8,9,10,8,9,9,8,7
13127,Glynn,18,15,21,11,13,18,13,14,22,20,13,18,16,13,13,15,13
48479,Webb,71,40,29,42,43,36,31,23,31,31,40,25,39,19,36,22,19
51149,Prince George,18,42,36,22,8,11,13,14,19,11,12,15,10,12,10,10,15
53053,Pierce,19,44,23,27,21,26,23,24,27,24,19,25,19,11,17,19,25
42071,Lancaster,16,21,32,12,8,10,13,19,14,13,10,11,9,7,14,11,10
1055,Etowah,24,28,28,12,16,15,16,12,16,15,11,14,15,16,9,12,12
55133,Waukesha,18,11,18,13,10,14,11,7,11,10,20,13,12,15,15,10,10
25021,Norfolk,20,10,23,16,9,8,13,17,16,15,11,11,9,10,13,12,13
18063,Hendricks,16,15,11,14,9,17,20,16,13,9,8,11,12,19,18,10,11
17077,Jackson,25,12,16,24,12,13,17,13,15,12,16,17,15,12,10,11,12
45043,Georgetown,17,18,32,11,11,12,12,13,17,12,15,19,11,10,11,14,13
51650,Hampton,18,20,19,18,11,12,14,14,20,16,13,14,11,8,10,14,13
51069,Frederick,21,21,26,16,8,9,15,19,10,15,10,11,14,9,14,11,12
27119,Polk,14,10,16,10,12,12,13,10,11,9,11,11,13,11,11,9,11
22089,St. Charles,18,23,39,34,21,12,25,25,15,15,19,14,24,11,12,22,18
47063,Hamblen,21,19,25,11,11,10,15,13,19,11,11,11,12,12,10,9,12
16027,Canyon,67,80,44,47,34,27,24,52,70,21,27,35,20,17,32,30,21
12073,Leon,23,32,28,16,26,13,18,17,19,20,20,15,15,12,14,21,19
21163,Meade,14,11,16,17,9,24,15,17,16,13,11,10,15,13,9,20,10
29510,St. Louis,19,13,15,21,13,21,17,13,12,9,15,14,13,16,12,13,26
53067,Thurston,19,26,20,31,21,25,24,24,26,23,27,27,25,11,17,18,25
35061,Valencia,46,32,21,36,31,72,36,29,47,55,27,19,89,23,30,36,13
48061,Cameron,33,34,20,35,30,23,22,24,21,24,32,16,47,18,17,25,29
48339,Montgomery,20,18,32,16,14,13,17,21,15,13,21,21,14,16,14,15,30
36071,Orange,12,20,19,10,9,10,14,17,8,15,11,9,10,9,11,8,10
36093,Schenectady,13,21,19,10,8,10,13,17,7,13,11,8,9,9,11,17,12
27055,Houston,13,16,16,10,13,19,12,6,11,8,16,20,13,21,14,13,23
25023,Plymouth,19,11,26,16,9,11,13,20,12,13,11,11,9,11,13,12,12
36005,Bronx,18,20,19,13,16,14,16,20,20,19,13,19,17,27,49,19,18
39103,Medina,15,14,8,11,11,11,14,13,13,8,9,10,8,11,15,7,7
42005,Armstrong,13,11,16,10,8,10,16,15,12,9,8,10,7,7,10,8,6
34001,Atlantic,21,21,29,17,9,10,14,15,16,14,12,13,10,10,14,8,13
48441,Taylor,38,70,25,27,44,21,37,24,30,35,28,34,25,32,26,23,36
51570,Colonial Heights,20,43,39,22,15,20,22,17,44,16,13,23,18,16,26,17,16
6079,San Luis Obispo,40,79,75,60,32,49,27,28,31,31,25,32,55,35,31,54,24
13177,Lee,18,33,39,16,18,13,20,17,26,21,17,15,15,31,24,13,14
21019,Boyd,13,11,15,17,10,10,15,13,15,18,8,10,9,12,9,16,19
27019,Carver,11,24,20,9,16,20,8,16,19,13,13,23,16,16,11,12,10
41067,Washington,22,43,31,32,24,52,23,22,25,19,21,35,25,15,13,23,25
51810,Virginia Beach,18,19,19,14,11,12,15,14,17,15,13,15,11,8,12,14,14
53021,Franklin,55,57,33,43,52,36,24,74,30,34,35,29,61,32,20,38,56
20173,Sedgwick,19,26,23,18,12,16,25,18,19,19,16,15,19,28,16,12,13
48453,Travis,54,32,36,26,14,16,26,21,37,21,33,20,32,22,24,17,43
12057,Hillsborough,18,30,24,27,25,25,13,24,20,20,14,20,18,14,13,12,11
34021,Mercer,21,21,32,14,10,10,14,17,16,15,10,10,10,19,18,9,17
42129,Westmoreland,13,11,16,10,9,10,14,15,11,7,7,7,7,7,8,8,8
12015,Charlotte,18,30,23,25,38,25,17,24,19,33,22,22,17,21,17,28,12
44003,Kent,20,10,32,14,9,10,13,10,18,13,13,11,9,10,13,10,13
28089,Madison,18,26,28,12,20,21,22,13,14,15,17,15,13,18,11,14,14
54099,Wayne,13,13,15,17,9,9,15,13,16,10,7,10,8,10,8,16,19
