,NAME,1999,2000,2001,2002,2003,2004,2005,2006,2007,2008,2009,2010,2011,2012,2013,2014,2015
0,Lancaster,260,263,251,278,287,272,268,274,268,267,273,266,268,294,292,277,262
1,Minnehaha,276,264,281,267,277,272,254,261,266,246,247,242,239,255,259,249,239
2,Allen,242,231,229,230,221,214,218,213,242,228,240,247,203,237,244,240,221
3,Beaver,247,234,220,205,192,203,213,209,218,198,213,207,181,196,204,221,193
4,Chatham,246,229,243,227,193,216,220,230,263,211,218,226,233,202,225,224,217
5,Lake,241,228,233,217,217,205,218,196,233,198,219,220,198,205,205,214,223
6,Salem,267,261,268,239,230,260,255,284,273,267,263,266,267,267,262,259,251
7,Montgomery,238,249,252,210,182,220,214,220,236,230,221,220,219,204,204,224,202
8,Hamilton,231,240,227,202,204,223,224,216,253,231,212,220,228,209,209,217,200
9,Poquoson,222,236,259,228,213,233,236,235,250,244,225,250,241,215,228,238,219
10,James City,232,244,261,230,206,216,238,232,253,235,228,247,230,213,225,240,222
11,Calcasieu,241,239,221,198,204,201,225,212,184,204,209,228,247,197,223,207,207
12,Tangipahoa,223,232,222,190,210,205,238,227,211,219,194,214,234,200,199,218,202
13,Stafford,236,232,248,231,203,227,233,245,257,235,230,249,226,214,236,221,205
14,Orange,241,241,218,206,237,216,251,235,214,232,233,247,263,226,244,223,228
15,Hampshire,224,217,233,197,199,209,202,182,212,189,198,222,197,206,217,205,222
16,Alamance,250,241,246,229,199,226,233,244,263,241,227,235,240,220,227,242,222
17,Suffolk,240,239,258,231,216,238,223,226,245,223,228,240,216,230,242,228,241
18,Hernando,208,227,207,182,190,215,197,236,200,210,212,226,227,201,199,196,175
19,Walton,206,228,213,177,185,205,208,220,217,187,207,232,237,220,214,217,194
20,Volusia,190,213,177,172,197,214,188,225,194,191,209,229,220,182,194,183,178
21,Canadian,279,265,273,261,273,249,282,281,249,291,247,262,294,280,268,286,251
22,Floyd,238,246,223,205,206,235,221,229,252,234,212,232,238,222,217,218,198
23,Middlesex,228,238,241,220,196,223,215,193,233,202,209,234,202,206,227,217,223
24,Davidson,249,238,251,228,190,221,231,227,255,226,211,229,235,205,218,226,206
25,Dakota,273,257,277,276,282,272,274,266,261,262,269,255,270,285,272,270,259
26,Butler,240,233,228,215,209,216,219,212,232,229,221,231,200,233,223,220,211
27,Clayton,239,249,237,218,207,238,227,243,252,236,222,239,239,231,220,237,206
28,Columbia,252,248,259,221,209,236,226,234,259,236,227,235,239,217,212,230,207
29,Dauphin,239,230,246,205,187,215,217,205,218,209,215,222,191,193,222,219,210
30,Putnam,246,236,224,199,199,206,207,198,223,209,215,212,180,200,206,215,210
31,Sussex,242,226,240,224,206,215,212,201,230,209,208,229,206,209,228,222,216
32,Portage,236,227,220,199,198,207,206,192,220,199,212,218,179,196,215,221,200
33,Clackamas,182,201,209,226,181,192,205,180,208,189,194,162,184,171,208,193,218
34,Scott,251,230,222,215,196,217,224,220,246,228,214,239,207,224,221,223,208
35,Allen,242,239,239,237,219,220,219,208,227,204,229,235,202,229,242,231,219
36,Cache,254,258,269,275,247,240,241,232,275,244,230,230,227,235,238,237,244
37,McLean,238,236,236,243,237,233,235,209,235,210,213,221,227,236,219,222,210
38,Androscoggin,231,222,246,210,204,221,190,182,217,199,214,220,204,197,211,209,211
39,Kootenai,214,207,225,234,206,202,230,194,216,195,219,179,184,186,205,210,237
40,Clark,320,325,318,341,308,316,299,300,332,311,324,291,304,291,301,307,297
41,La Crosse,237,241,247,226,247,214,234,223,239,216,235,246,235,238,218,223,235
42,Saratoga,224,199,223,191,200,198,200,179,206,172,208,216,197,195,210,208,216
43,Brazos,261,254,251,239,252,229,254,249,229,220,251,261,291,238,257,258,221
44,Allegany,235,229,232,205,187,200,226,207,219,200,214,224,191,183,204,207,187
45,DeKalb,245,245,245,216,213,236,228,245,253,236,225,241,247,229,221,240,207
46,Baltimore,238,235,244,222,195,228,234,234,242,231,220,241,218,212,234,221,214
47,Lonoke,257,254,233,217,228,222,249,247,234,231,226,240,229,230,239,234,218
48,Jefferson,236,239,214,201,226,204,240,225,207,215,221,232,257,212,232,212,216
49,Bell,280,261,255,252,255,241,268,281,240,262,274,273,301,264,266,271,243
50,Oswego,214,176,189,159,167,170,185,159,167,149,180,184,178,176,160,180,199
51,Ulster,230,218,235,208,193,205,200,190,201,190,209,216,192,192,210,209,208
52,Camden,261,245,259,246,247,262,265,284,280,269,257,282,267,282,270,269,257
53,Hanover,241,240,259,228,187,209,228,230,244,229,227,244,215,208,222,236,206
54,Hidalgo,298,299,303,274,256,262,263,259,253,258,273,265,302,254,259,249,245
55,Lincoln,241,228,244,222,193,221,232,221,262,236,206,222,223,204,217,228,217
56,Miller,255,244,228,241,239,228,264,260,225,235,238,255,267,249,250,252,235
57,Orange,209,239,194,184,190,220,188,234,206,200,214,223,226,195,193,184,182
58,Carroll,226,258,233,208,210,237,221,230,247,228,204,234,233,224,209,229,197
59,Riley,260,263,252,263,259,261,259,253,234,239,248,261,248,282,266,271,246
60,Caldwell,222,219,222,204,177,196,205,203,232,223,192,208,202,188,194,207,193
61,Warrick,242,225,226,213,208,221,228,212,241,220,209,226,212,218,225,215,210
62,Grayson,266,258,253,251,264,236,269,284,241,274,256,260,285,257,271,273,245
63,Colbert,250,238,218,200,221,216,231,238,263,227,209,235,235,210,212,233,207
64,Rutherford,252,241,220,192,212,208,235,222,247,249,200,223,211,210,208,217,202
65,Durham,252,235,251,232,198,220,226,240,272,223,218,244,242,207,231,233,219
66,Alexandria,249,237,254,245,240,258,280,296,279,265,262,279,266,271,277,259,252
67,Jackson,246,231,243,253,196,227,219,201,233,239,233,200,225,208,233,226,230
68,Broward,174,203,185,168,168,209,183,199,182,191,186,190,191,163,186,170,167
69,Rockwall,281,264,259,271,290,272,296,321,271,298,283,293,308,308,300,294,270
70,Wayne,243,238,239,245,228,230,228,213,235,207,223,238,195,222,224,216,211
71,Charlottesville,239,240,262,226,198,225,227,251,251,241,231,252,229,221,234,232,221
72,McLennan,270,268,259,250,243,236,270,284,242,257,270,275,294,266,271,278,245
73,Palm Beach,167,203,185,162,176,211,183,200,178,190,181,195,187,141,164,142,146
74,Sumner,253,252,221,194,212,205,245,221,238,244,204,227,212,225,215,231,205
75,Waynesboro,247,244,261,221,192,224,218,246,242,242,220,247,222,218,222,225,206
76,Multnomah,174,200,203,220,190,184,199,185,200,181,201,161,180,166,210,190,215
77,Sacramento,308,296,298,311,296,307,275,271,316,318,294,270,291,293,334,303,320
78,Santa Barbara,315,313,299,319,293,306,293,265,299,298,308,276,291,273,313,302,295
79,Randolph,250,233,248,225,191,215,224,226,260,220,217,229,237,206,221,229,217
80,Cecil,238,239,246,221,195,211,226,224,233,227,212,234,223,200,223,217,212
81,Barnstable,242,235,260,220,208,238,223,214,243,213,217,221,210,220,220,224,224
82,Lake,243,240,235,241,257,241,240,224,234,211,216,236,217,233,222,228,228
83,Van Buren,243,226,226,234,222,217,216,204,218,184,218,238,213,223,198,202,223
84,Loudon,250,248,232,200,207,215,230,229,261,237,211,228,221,214,205,220,210
85,Tippecanoe,247,223,229,227,228,235,220,220,225,209,227,229,214,248,244,214,235
86,Miami-Dade,175,198,180,159,175,219,194,195,182,193,191,195,190,174,186,179,174
87,Grand Forks,268,269,282,261,256,247,247,241,261,260,263,238,252,241,256,252,254
88,LaPorte,241,227,230,230,227,223,217,221,219,190,214,228,202,225,219,219,218
89,Hamilton,231,226,230,219,204,220,212,210,231,205,220,214,201,230,228,212,212
90,Newton,249,243,235,217,252,243,263,263,232,239,245,245,255,270,252,258,233
91,Posey,252,242,236,226,227,238,244,226,243,229,236,242,237,232,239,242,229
92,Walton,248,248,257,219,208,243,235,244,261,237,233,243,240,235,221,244,217
93,Amherst,248,246,251,218,184,217,215,229,240,226,220,234,221,210,219,225,206
94,Ventura,325,315,302,325,302,308,300,288,313,305,313,286,295,281,316,307,307
95,Los Angeles,325,317,308,323,294,303,293,284,308,296,306,283,291,270,304,300,298
96,Yuma,344,352,337,351,323,333,319,321,335,312,338,324,327,321,331,328,318
97,Highlands,195,239,201,194,185,217,184,214,195,196,199,212,202,179,200,186,167
98,Pinal,315,300,304,316,291,282,284,282,276,279,295,278,276,283,289,297,263
99,Fulton,232,229,228,234,215,220,220,212,233,205,224,236,190,213,233,228,224
100,Citrus,217,231,216,192,214,223,200,257,222,228,229,238,244,213,222,218,188
101,Christian,251,248,233,211,223,235,240,245,227,230,224,230,221,240,241,232,220
102,Lamar,232,230,213,194,210,216,223,224,219,216,201,228,242,215,207,218,212
103,Fort Bend,249,252,233,232,229,204,247,239,217,226,243,238,285,223,246,222,216
104,Walworth,233,236,240,248,257,235,231,223,231,203,226,239,231,230,207,220,220
105,Suffolk,243,235,247,221,207,229,210,206,232,209,209,228,204,197,222,222,225
106,Lee,232,258,230,202,201,228,219,233,248,235,204,238,235,224,210,233,202
107,Parker,285,276,268,256,267,246,274,290,236,273,269,264,294,268,270,284,241
108,Sonoma,291,267,282,286,265,292,258,241,287,284,275,248,269,260,318,276,304
109,Bonneville,249,234,263,256,217,209,202,202,235,217,214,212,205,200,217,207,204
110,Barrow,237,239,248,216,205,237,226,231,255,230,225,234,227,219,214,238,203
111,Clinton,227,218,235,234,222,221,217,219,232,194,221,239,208,218,210,217,220
112,Macon,241,240,240,241,243,235,240,226,237,221,228,237,230,245,233,230,218
113,Olmsted,232,246,247,226,248,221,231,226,232,234,234,234,238,239,218,230,226
114,Union,249,234,246,228,214,224,225,219,245,220,219,241,216,210,239,226,235
115,Mobile,209,225,208,169,198,213,215,215,215,217,186,217,229,203,194,210,205
116,Burleigh,272,268,297,276,270,270,261,259,270,250,254,236,234,249,255,266,267
117,Rowan,242,233,248,225,186,220,231,213,257,225,207,223,227,201,213,221,211
118,Benton,204,214,214,224,197,210,213,198,215,207,218,186,205,197,227,208,220
119,Perry,235,229,248,211,184,217,220,207,225,205,223,224,193,193,222,211,208
120,Harrison,252,244,226,235,246,225,255,260,218,240,242,250,268,235,254,250,231
121,Rogers,262,253,272,261,250,253,262,270,242,265,256,255,266,269,249,258,239
122,Boone,260,249,241,255,243,237,243,259,247,228,238,234,232,261,247,255,242
123,Jefferson,268,272,270,290,247,253,255,237,241,266,247,242,247,259,239,236,218
124,Cabell,252,239,223,200,196,203,205,192,219,207,216,211,172,193,200,214,202
125,Bartholomew,239,232,229,215,213,221,218,218,236,227,222,232,216,232,226,229,217
126,Paulding,233,249,234,215,216,243,232,244,258,240,215,241,243,227,219,229,203
127,Worcester,225,223,235,202,194,209,204,191,217,198,208,228,200,208,219,213,218
128,Kings,326,321,313,331,311,325,297,297,328,330,318,290,310,303,338,325,312
129,San Diego,321,326,316,322,299,305,295,289,307,307,315,285,295,261,292,303,294
130,Cass,256,254,254,262,255,246,249,269,241,236,241,238,239,269,255,260,236
131,Dutchess,225,219,228,214,196,206,208,187,200,188,210,223,198,201,216,207,212
132,Pueblo,279,302,293,315,263,257,274,268,264,274,268,266,277,283,269,265,256
133,Cumberland,235,220,254,216,201,216,222,222,263,215,223,223,232,198,226,222,207
134,Placer,278,264,287,290,253,283,251,239,280,290,274,242,264,252,304,273,272
135,Hoke,240,227,251,220,201,218,223,228,263,219,229,222,238,197,228,225,214
136,Dorchester,217,221,227,192,199,211,210,226,234,206,216,221,235,205,213,215,198
137,Berkeley,214,226,226,191,202,210,208,219,230,204,211,215,231,198,201,204,193
138,Garland,256,249,233,222,237,226,251,244,237,231,230,235,255,238,235,233,223
139,Trumbull,235,235,228,203,192,209,208,197,212,199,219,218,182,197,216,214,206
140,Butler,225,221,224,204,182,192,205,193,202,184,201,204,175,190,194,212,191
141,Cabarrus,243,237,253,231,198,236,240,231,266,241,213,233,238,209,223,232,219
142,Davis,261,259,269,279,250,248,235,232,272,247,235,226,237,235,245,240,246
143,Black Hawk,243,248,238,251,254,241,246,232,236,218,237,234,256,256,234,235,237
144,Tuscaloosa,226,239,212,197,201,219,225,231,240,219,189,217,223,210,198,220,195
145,New Castle,248,232,248,224,196,224,227,225,242,227,214,229,216,198,226,228,216
146,Rock Island,257,254,248,255,252,250,255,231,252,227,231,233,245,259,251,245,244
147,Gloucester,230,240,259,229,207,216,239,229,245,231,227,247,230,208,219,235,212
148,Philadelphia,248,233,245,221,191,214,215,215,243,232,207,227,209,201,221,226,213
149,Tompkins,234,208,230,202,190,197,201,190,214,195,210,192,199,206,205,203,210
150,Jefferson,257,256,232,219,234,210,243,248,230,221,230,242,236,230,238,236,215
151,Albany,222,203,229,192,193,195,198,179,185,170,203,209,191,197,209,205,208
152,Bexar,306,281,268,259,254,240,268,286,251,283,283,284,308,259,271,260,253
153,Boulder,232,249,254,270,207,214,221,206,213,222,208,207,204,229,210,199,200
154,Jefferson,239,237,229,211,199,211,220,206,239,225,198,212,200,198,199,211,203
155,Denver,268,289,278,292,257,260,258,260,247,283,245,249,254,275,250,233,226
156,Kendall,253,236,242,246,254,245,247,229,241,221,227,234,229,253,221,237,223
157,District of Columbia,249,237,254,245,240,258,280,296,279,265,262,279,266,271,277,259,252
158,Wright,237,261,255,232,262,242,231,247,263,256,252,244,250,227,232,245,240
159,Kenosha,241,235,242,243,243,223,227,201,221,198,212,229,219,220,200,204,216
160,San Francisco,300,280,284,294,279,304,269,260,296,299,291,261,280,263,320,288,315
161,St. Johns,201,209,198,178,196,218,195,245,217,178,222,240,237,194,205,199,181
162,Ottawa,232,217,224,223,218,206,217,195,216,173,210,232,201,216,183,198,210
163,Cook,241,238,232,237,232,224,218,203,216,194,199,215,210,215,194,213,210
164,Clay,273,251,282,250,267,248,251,245,259,255,251,239,259,251,256,262,258
165,Box Elder,281,292,285,292,270,253,245,237,284,259,243,233,242,231,250,245,246
166,Marshall,249,233,213,204,202,201,216,210,219,201,208,224,191,205,208,215,192
167,Baltimore,237,239,250,215,191,222,229,225,235,223,213,236,212,199,224,217,208
168,Lawrence,247,237,220,202,191,204,208,203,223,214,212,212,183,208,206,219,199
169,Monongalia,239,225,204,187,175,192,199,191,204,176,191,191,167,179,184,207,180
170,DeSoto,188,229,200,188,191,229,196,213,210,198,206,224,217,195,196,189,182
171,New London,233,235,249,212,197,223,211,200,233,206,210,236,211,205,227,220,229
172,Richmond,243,240,258,231,197,212,230,236,250,237,232,250,221,218,226,243,208
173,Stokes,241,243,254,227,185,225,226,225,264,235,219,222,230,215,218,235,220
174,Marin,298,275,283,291,269,293,259,242,289,290,280,254,274,256,315,281,305
175,Randall,293,297,287,283,296,253,283,280,272,297,285,287,312,290,304,298,264
176,Warren,262,257,243,265,267,252,260,254,263,247,255,236,262,283,262,253,240
177,Coryell,280,267,254,252,249,235,261,290,239,266,271,269,295,266,265,280,240
178,Chattahoochee,242,244,238,204,207,231,230,246,253,234,219,244,238,234,224,248,201
179,Marion,191,210,215,229,184,197,206,191,214,198,195,166,188,169,212,200,220
180,Milwaukee,246,236,242,240,239,224,236,208,231,203,220,239,218,224,199,204,219
181,Scott,241,259,249,236,268,253,244,254,258,267,257,242,257,240,236,250,237
182,Pickaway,250,236,221,211,203,212,219,206,225,217,229,230,182,218,214,229,208
183,Broomfield,268,289,278,292,257,260,258,260,247,283,245,249,254,275,250,233,226
184,Pottawatomie,258,261,252,265,259,260,256,257,240,242,242,260,254,284,269,266,246
185,Jackson,219,229,222,222,221,220,224,217,237,213,226,242,204,221,218,222,207
186,Comal,305,279,268,254,253,241,272,286,245,284,271,280,308,262,267,269,250
187,Falls Church,249,237,254,245,240,258,280,296,279,265,262,279,266,271,277,259,252
188,Manatee,203,224,210,178,193,222,204,219,207,195,204,220,226,203,190,187,175
189,Kenton,250,230,223,219,209,219,221,220,238,228,221,238,202,242,228,228,219
190,DeKalb,242,244,239,253,255,237,241,219,235,207,216,227,231,234,207,222,215
191,Hawkins,241,230,230,205,188,209,212,199,229,212,192,210,191,189,190,203,194
192,Lafayette,232,223,207,182,222,219,239,226,201,206,215,234,228,196,205,207,195
193,Nez Perce,238,230,243,235,208,201,241,205,230,204,218,187,192,189,213,213,231
194,Napa,302,281,291,307,288,305,269,257,307,312,292,264,295,283,336,288,312
195,Dubuque,245,248,239,249,264,240,244,230,239,218,236,237,251,247,239,243,234
196,Richland,234,233,228,209,214,216,215,210,224,208,226,233,186,213,223,228,207
197,Wayne,236,234,215,205,211,213,213,207,227,216,223,229,189,207,224,230,214
198,Fayette,251,254,240,234,243,274,260,285,277,268,258,278,271,282,260,257,249
199,Kendall,304,272,260,263,262,251,267,288,253,289,279,281,309,265,266,280,256
200,Herkimer,207,179,202,158,174,167,170,148,162,146,170,183,166,173,169,183,188
201,Mineral,232,224,219,197,179,197,214,199,211,193,208,213,186,175,194,198,180
202,Shasta,259,240,267,273,226,261,238,224,272,273,247,213,238,236,278,254,255
203,Vermilion,226,211,202,175,212,207,213,200,182,193,202,221,228,188,197,202,197
204,St. Bernard,208,218,199,167,204,201,226,209,205,218,191,221,247,191,192,212,182
205,Blount,234,235,223,194,196,201,207,205,244,227,198,207,204,189,188,203,191
206,Darlington,238,231,256,219,211,232,225,227,260,222,230,235,242,206,228,238,208
207,Monterey,295,295,298,304,282,302,273,258,295,294,294,263,291,269,317,288,303
208,Platte,257,263,253,271,276,263,257,277,252,252,245,245,254,283,271,264,243
209,Buchanan,262,258,250,267,266,253,247,270,250,244,238,240,253,274,259,263,240
210,Limestone,253,248,230,199,226,232,235,244,263,241,205,236,240,217,213,233,213
211,Ottawa,237,233,230,229,215,214,218,198,225,197,222,223,189,200,221,226,209
212,Carroll,239,235,250,211,188,221,232,229,237,214,217,237,203,206,220,221,211
213,Hancock,249,234,225,205,204,207,215,211,220,202,222,221,191,201,208,225,198
214,Cole,244,245,241,249,238,236,235,252,243,228,232,233,226,252,249,249,239
215,Berrien,244,233,228,233,230,213,210,203,210,180,199,222,200,216,195,205,214
216,St. Clair,241,243,241,222,234,232,242,237,231,224,231,241,226,244,226,231,233
217,Alexander,238,236,243,224,194,215,229,224,266,239,207,229,221,214,216,225,217
218,Cape May,255,240,254,231,211,248,238,239,243,245,221,244,224,218,240,230,221
219,Kaufman,271,255,241,254,259,244,266,283,234,260,258,254,286,249,263,266,240
220,Maricopa,320,320,312,323,297,300,286,294,300,291,309,289,290,298,307,300,281
221,Johnson,285,275,264,258,267,251,275,294,233,287,274,263,290,261,268,277,241
222,Warren,221,196,227,195,199,202,195,183,199,179,209,214,189,184,203,214,204
223,Bartow,233,243,232,207,212,235,226,236,248,236,216,227,229,222,213,216,199
224,Lake,207,231,191,184,181,213,178,237,199,187,210,226,216,193,196,196,175
225,Johnson,261,260,250,261,258,247,251,267,239,236,245,243,251,273,261,263,240
226,Calvert,248,241,249,232,207,234,237,247,252,242,224,251,235,216,238,231,218
227,Sandoval,287,285,286,293,273,266,262,255,257,268,272,253,259,253,257,275,224
228,Linn,186,208,210,229,185,194,204,189,212,193,198,168,188,169,202,198,217
229,Hall,238,239,242,222,206,241,231,224,260,231,226,231,231,214,210,227,201
230,Columbia,239,229,239,210,196,211,216,204,219,206,210,232,196,205,218,216,207
231,Clark,253,239,227,220,213,221,215,216,237,229,234,236,193,238,232,234,221
232,Pima,315,303,301,313,289,284,287,281,282,282,295,279,282,286,286,289,255
233,Burlington,248,238,247,222,200,212,217,214,242,231,214,228,214,204,230,219,214
234,Porter,241,233,231,233,241,220,222,218,223,199,204,226,209,225,211,221,217
235,Pinellas,201,217,209,177,194,221,207,237,210,212,213,224,233,209,199,189,180
236,Roanoke,267,261,268,239,230,260,255,284,273,267,263,266,267,267,262,259,251
237,Bowie,264,239,225,239,241,226,262,265,228,237,231,243,258,243,245,255,228
238,Weber,258,257,265,276,246,243,239,232,275,246,229,228,231,233,245,238,249
239,Jefferson,219,199,201,177,179,172,187,160,170,143,189,191,184,177,159,179,186
240,Linn,261,254,240,254,254,239,255,243,239,222,242,228,253,258,247,244,243
241,Muscogee,241,249,237,197,204,231,228,241,250,234,215,244,237,227,220,239,203
242,Miami,239,230,222,223,207,208,211,206,230,219,225,235,183,226,230,220,210
243,Potter,296,305,286,278,295,257,285,289,277,295,290,291,311,291,304,300,274
244,Aiken,250,237,250,217,205,233,222,231,258,227,221,235,233,218,220,230,205
245,Chesapeake,227,226,250,212,200,233,227,221,257,238,222,238,236,200,223,220,221
246,Ozaukee,247,226,245,236,229,217,230,213,226,208,225,238,212,223,193,203,222
247,Sullivan,236,228,225,205,185,202,202,196,230,214,193,206,189,186,182,206,184
248,Laurens,235,241,245,224,194,227,223,218,258,233,216,223,223,201,203,226,189
249,Sheboygan,236,230,241,233,234,214,225,213,221,203,223,234,213,218,192,203,224
250,Hampden,227,231,239,206,196,217,207,185,222,201,203,229,203,211,224,210,224
251,Caldwell,294,269,260,256,267,245,275,284,246,280,280,280,310,263,271,267,251
252,Berks,243,235,246,213,197,213,216,204,220,218,209,228,196,204,224,225,211
253,Carter,239,232,228,207,196,208,211,207,231,226,198,214,199,196,192,213,197
254,Washington,242,229,226,220,198,216,219,207,241,226,205,221,203,199,202,213,197
255,Isle of Wight,226,231,261,227,199,219,233,219,246,235,217,240,233,208,221,233,220
256,Iberville,235,232,223,182,200,198,224,213,194,192,199,217,230,195,197,205,186
257,Fauquier,237,230,248,226,192,215,232,235,241,226,220,243,214,210,225,218,201
258,Radford,258,260,255,234,230,252,251,278,272,268,260,264,270,264,252,262,249
259,Douglas,298,288,292,296,268,292,251,238,292,298,270,244,264,240,294,269,260
260,Washington,240,224,242,239,241,222,233,227,234,213,240,248,222,219,202,221,235
261,Mercer,234,229,227,209,199,204,201,201,213,183,218,213,179,194,207,215,208
262,Craighead,261,269,241,229,241,245,265,259,250,256,235,257,243,257,244,240,230
263,Pasco,207,229,208,184,188,218,205,246,204,210,218,232,232,215,203,199,187
264,Sumter,223,246,220,195,197,215,195,244,212,213,219,228,226,204,215,206,184
265,Nassau,252,242,250,226,217,224,215,222,239,219,222,247,221,211,233,223,227
266,Vanderburgh,246,232,234,221,214,222,237,212,236,219,221,235,226,221,233,225,219
267,Wood,240,231,225,200,195,203,198,195,211,196,213,216,179,199,196,210,195
268,Lexington,245,236,253,218,200,233,227,234,255,226,217,233,230,200,227,229,202
269,Anne Arundel,238,233,247,222,192,225,237,231,242,225,212,240,216,203,224,210,204
270,Fond du Lac,241,242,249,242,248,231,242,233,241,220,248,255,231,235,224,233,242
271,Berkshire,225,213,235,195,191,199,198,183,192,175,204,220,197,197,214,211,209
272,Middlesex,250,234,246,223,207,219,222,211,240,215,214,235,209,208,232,226,225
273,Bristol,230,229,242,208,203,230,215,211,240,210,216,224,210,218,219,225,227
274,Schuylkill,244,232,244,209,194,215,212,205,223,215,212,232,196,200,224,221,212
275,Cleveland,233,222,233,218,183,206,216,210,240,222,201,213,216,198,199,216,199
276,Frederick,237,234,249,211,192,223,229,231,239,216,216,239,203,205,220,219,209
277,DoÃ±a Ana,327,318,333,295,311,282,283,288,274,295,299,280,307,312,296,306,282
278,Solano,306,293,297,309,299,309,273,268,312,317,294,275,293,288,333,302,319
279,Seminole,209,242,196,192,209,228,193,252,211,210,225,233,232,208,206,193,197
280,Forrest,230,239,206,186,213,217,216,232,225,214,198,231,238,207,205,212,203
281,Ingham,230,230,221,229,228,215,223,221,235,199,220,242,197,223,219,223,207
282,Shawnee,260,269,255,264,252,252,247,260,237,236,243,247,247,274,262,259,249
283,Washington,223,200,227,198,201,203,198,184,203,181,208,210,191,195,206,207,215
284,Johnson,232,224,231,211,206,219,212,210,230,208,214,216,202,224,221,212,213
285,Talladega,228,263,222,200,225,244,226,241,261,240,201,245,236,234,212,225,207
286,Delaware,249,242,227,216,207,217,222,210,230,228,232,243,189,227,226,234,220
287,Forsyth,244,244,253,230,184,217,225,216,254,227,209,221,227,208,214,231,210
288,Carson City,284,280,293,299,275,295,258,248,290,296,276,250,270,253,301,276,275
289,Dallas,255,262,246,263,265,244,253,243,249,237,250,231,258,263,248,241,229
290,Anderson,234,237,236,214,190,226,226,215,252,232,215,221,221,201,203,224,191
291,Cochise,307,297,297,305,288,275,276,271,270,268,276,264,276,274,267,280,251
292,San Bernardino,330,328,328,340,313,317,309,304,324,311,320,291,292,275,308,313,304
293,Douglas,267,264,265,280,287,275,279,277,279,278,278,272,276,300,288,280,276
294,Fairfax,245,242,258,245,243,258,274,294,287,272,268,289,266,270,276,258,249
295,Clarke,250,254,261,241,250,273,253,281,280,267,266,272,271,287,255,267,257
296,Coweta,239,251,233,210,213,241,234,241,258,232,223,246,239,242,222,233,212
297,Contra Costa,306,293,297,309,299,309,273,268,312,317,294,275,293,288,333,302,319
298,Henrico,241,240,257,231,196,212,233,229,250,231,225,245,220,208,226,240,209
299,Westchester,240,232,238,217,201,220,209,209,233,209,216,237,207,200,232,215,223
300,New Haven,226,234,236,215,199,219,215,201,230,200,215,233,203,207,224,220,222
301,Kankakee,244,234,230,232,230,230,223,203,228,205,209,223,211,232,226,219,208
302,Sussex,247,230,248,232,202,241,231,226,239,228,209,239,226,217,233,220,210
303,Butler,254,262,273,251,255,241,244,269,236,243,237,239,258,267,253,258,228
304,Hays,306,273,268,261,259,249,273,288,252,279,273,274,309,264,268,275,248
305,Beaufort,227,223,226,198,208,213,201,238,237,215,219,229,245,212,216,215,197
306,Rock,238,247,235,243,259,230,237,219,232,211,223,236,236,238,210,228,218
307,Pickens,230,235,217,207,184,209,215,203,239,227,199,196,214,191,195,210,180
308,Rankin,237,243,209,202,231,226,235,238,233,226,216,228,235,230,223,234,213
309,Lane,190,201,203,228,179,189,186,167,195,182,190,156,184,158,194,187,207
310,Wichita,277,266,272,260,280,248,271,283,254,291,265,282,308,282,276,287,249
311,Jo Daviess,250,251,240,251,263,239,246,229,240,213,238,233,242,250,238,234,230
312,Hancock,239,229,232,215,215,225,216,217,245,220,218,226,213,237,232,224,221
313,Midland,317,316,302,280,301,281,302,293,265,246,290,295,322,304,308,315,281
314,Cascade,274,279,278,254,218,230,235,221,247,228,217,190,200,197,202,194,220
315,Harrisonburg,258,251,270,246,239,252,269,290,274,275,261,278,265,273,271,264,250
316,Williamson,260,244,246,229,242,244,255,236,244,235,230,246,232,251,239,245,240
317,Fayette,250,227,220,205,210,211,220,215,241,231,210,228,203,220,211,220,203
318,Northumberland,231,230,245,208,193,209,213,207,223,206,220,227,188,210,224,223,214
319,Victoria,266,262,260,245,243,221,253,244,236,261,265,258,290,249,247,244,220
320,St. Clair,255,250,255,250,208,219,213,199,222,186,225,227,186,192,189,209,193
321,Douglas,261,262,253,264,267,249,252,267,240,239,242,246,248,278,263,264,243
322,Daviess,247,228,221,216,226,229,235,213,241,229,209,237,214,220,234,225,221
323,Jasper,247,245,238,222,250,238,255,261,235,235,239,242,245,271,249,257,228
324,Henry,240,248,238,212,203,228,226,239,247,224,216,237,235,230,216,231,201
325,Cambria,226,218,226,192,178,196,202,186,199,193,200,207,171,187,204,204,188
326,Livingston,231,231,228,238,223,222,223,220,233,201,219,234,193,220,221,214,209
327,Adams,278,289,281,302,274,262,274,267,257,288,250,264,260,279,265,256,243
328,Lackawanna,231,213,233,208,199,196,201,196,217,190,215,228,197,197,220,216,208
329,Creek,259,253,266,257,256,251,265,273,239,258,244,254,269,276,256,257,231
330,Tolland,237,236,253,215,205,225,214,205,233,220,220,244,216,232,235,222,234
331,Duval,205,211,206,186,214,223,209,255,236,205,229,255,249,206,222,212,193
332,Jessamine,249,230,224,208,212,213,224,211,244,235,210,232,201,228,205,223,207
333,Greene,253,239,227,220,213,221,215,216,237,229,234,236,193,238,232,234,221
334,Baldwin,205,228,212,164,196,215,215,220,217,232,200,217,234,204,199,216,201
335,Bedford,246,244,257,218,177,215,213,222,239,222,219,225,214,205,214,220,200
336,Wyoming,232,218,237,208,197,199,204,198,218,197,212,228,199,199,218,213,207
337,Vigo,244,232,245,226,228,232,232,226,234,223,227,231,230,240,236,212,230
338,Elkhart,237,234,226,226,216,213,218,208,224,189,213,233,205,223,216,219,216
339,Lubbock,296,293,284,273,305,269,278,293,274,302,285,276,322,283,302,301,259
340,Martin,160,205,177,161,182,224,189,201,179,188,195,199,192,135,169,152,144
341,Dawson,231,234,234,216,208,228,221,218,249,233,217,216,225,201,199,211,194
342,Wyandotte,258,260,249,262,261,247,251,265,240,237,236,240,249,270,260,267,238
343,Lucas,234,234,232,242,218,222,226,211,232,206,226,235,194,215,235,222,224
344,Floyd,261,238,225,232,242,253,257,265,271,253,260,264,258,270,258,263,255
345,Fayette,238,229,222,189,179,193,181,192,210,187,183,195,169,177,179,199,187
346,Snohomish,149,135,180,189,196,171,180,172,153,160,199,144,151,139,174,177,187
347,Yakima,217,237,231,241,218,203,224,201,212,199,221,186,200,174,212,197,226
348,Washington,258,229,240,217,237,227,255,239,227,229,224,232,241,238,240,227,224
349,Eau Claire,236,236,241,224,251,233,229,235,241,226,241,239,242,231,214,213,233
350,Coconino,286,290,288,308,271,270,257,254,273,271,282,255,255,239,262,271,240
351,Sumner,261,266,281,256,266,258,267,281,246,263,248,265,267,286,264,276,255
352,Galveston,244,241,211,210,230,206,242,226,205,228,231,246,269,220,224,220,218
353,Harris,246,248,234,225,228,199,231,227,210,213,224,239,269,207,235,209,203
354,Middlesex,230,222,240,207,204,222,198,202,221,206,216,233,210,209,225,217,235
355,Ontario,226,215,232,205,192,202,209,200,205,190,211,199,193,206,199,193,203
356,Autauga,223,258,217,194,208,227,224,245,245,228,211,243,238,236,210,235,203
357,Washtenaw,227,233,228,236,230,231,231,227,242,214,226,239,193,229,232,221,213
358,Peach,243,245,239,207,209,238,234,252,260,237,223,254,249,234,226,245,202
359,Washington,234,232,251,212,207,235,221,214,242,214,212,230,213,217,229,226,228
360,Spokane,244,243,260,257,235,213,243,208,243,216,230,202,210,199,232,226,242
361,Hudson,260,245,254,245,254,260,266,275,282,255,256,280,262,274,279,256,278
362,Stark,242,233,222,203,208,209,214,210,228,214,220,224,185,208,220,225,213
363,Guadalupe,300,276,272,255,258,239,271,284,245,284,279,278,308,255,269,275,250
364,Prince William,236,234,249,227,199,223,234,235,253,232,229,248,214,209,227,221,202
365,Chester,246,236,245,215,196,218,221,213,230,229,209,229,203,198,227,220,212
366,Roane,237,245,232,200,207,212,224,223,253,242,210,224,226,216,207,216,204
367,Escambia,198,222,212,163,203,228,225,232,219,235,214,226,247,216,209,225,214
368,Tarrant,280,266,261,252,263,239,272,292,233,265,267,258,288,258,268,274,238
369,Prince George's,237,230,247,219,188,223,233,229,237,216,218,234,213,194,225,213,195
370,Mahoning,240,231,222,200,192,201,208,194,212,195,219,214,175,193,208,214,197
371,Kane,249,240,245,253,264,244,241,225,237,217,224,235,235,244,218,228,228
372,El Dorado,287,280,290,298,259,290,250,239,285,295,279,245,266,251,298,273,277
373,Kershaw,240,223,250,219,191,225,217,222,252,222,215,225,226,192,223,226,200
374,Monroe,243,227,234,215,201,212,207,204,212,209,212,230,206,200,220,227,214
375,St. Clair,234,259,221,199,224,242,226,242,261,238,207,244,240,240,212,228,207
376,Dougherty,228,239,229,190,203,228,227,243,252,239,220,239,247,211,214,224,189
377,Catoosa,236,245,228,209,212,230,231,225,262,235,217,231,238,216,212,223,211
378,Howard,238,235,244,222,195,228,234,234,242,231,220,241,218,212,234,221,214
379,Salt Lake,268,262,279,288,250,255,239,232,275,254,243,228,237,219,241,236,242
380,Hartford,227,227,242,211,199,221,210,189,223,205,204,234,205,210,225,212,224
381,Windham,237,236,253,215,205,225,214,205,233,220,220,244,216,232,235,222,234
382,Richmond,250,239,247,229,211,223,220,208,239,218,213,235,209,208,233,222,225
383,Greenville,226,229,222,210,181,206,210,197,243,222,200,199,212,189,192,207,182
384,Yolo,306,289,296,309,302,301,276,264,314,318,300,275,296,288,337,298,319
385,Cass,264,251,283,257,265,246,251,243,259,246,245,240,247,253,253,253,254
386,Johnson,262,259,244,260,253,237,245,243,242,221,240,230,249,253,253,238,242
387,Greenup,247,240,217,203,192,205,207,207,225,218,213,214,184,207,205,217,200
388,Henderson,248,241,229,222,229,230,237,218,243,227,230,239,227,227,236,229,229
389,Merrimack,221,218,240,198,191,211,186,190,206,201,213,216,195,200,207,210,215
390,York,241,238,250,215,188,226,220,216,234,218,216,233,204,196,225,217,215
391,Douglas,235,252,242,216,211,230,227,241,258,240,221,231,244,229,216,234,206
392,Yuba,293,273,290,300,277,299,267,256,300,308,281,250,277,285,318,287,300
393,Shelby,224,254,215,195,212,234,222,237,251,228,204,241,235,232,213,235,204
394,Orange,248,238,247,227,187,211,225,233,261,219,213,228,231,199,221,232,213
395,Erie,220,199,211,188,178,182,186,173,188,158,186,191,176,180,184,181,193
396,Montgomery,231,227,246,218,194,223,232,233,240,223,222,238,207,202,225,214,204
397,Manassas Park,245,242,258,245,243,258,274,294,287,272,268,289,266,270,276,258,249
398,Arlington,249,237,254,245,240,258,280,296,279,265,262,279,266,271,277,259,252
399,St. Charles,245,240,241,229,229,234,243,239,231,223,232,242,228,234,242,237,231
400,Queen Anne's,241,231,244,226,194,224,228,232,237,223,213,230,218,206,225,216,206
401,Craven,227,220,237,194,197,215,209,221,244,199,203,232,230,183,217,215,204
402,Columbia,175,214,208,220,192,196,201,186,200,199,215,163,185,152,205,197,210
403,Florence,234,231,252,202,206,227,209,223,243,219,228,237,237,206,219,230,201
404,Washington,311,298,292,320,291,285,262,277,308,286,287,267,281,276,283,295,273
405,Clark,243,227,216,209,195,216,216,215,235,222,218,224,206,213,208,216,200
406,Grundy,263,250,248,256,275,273,266,272,269,249,254,257,263,287,260,271,253
407,Jones,238,241,241,214,198,240,227,246,253,231,226,237,234,234,218,235,204
408,Gwinnett,241,243,242,216,206,231,222,228,248,229,221,229,235,215,213,227,200
409,Putnam,239,230,238,215,205,218,217,216,233,222,225,237,217,212,235,227,226
410,Newport News,227,235,261,224,204,226,232,228,249,242,218,242,233,213,225,234,219
411,Montgomery,257,250,223,206,217,211,245,214,243,244,205,233,217,222,216,236,211
412,Plaquemines,201,206,201,158,209,214,234,206,204,227,192,228,262,190,193,212,192
413,Bullitt,255,231,214,212,208,225,225,211,244,220,216,226,210,214,223,224,205
414,Outagamie,244,241,246,228,244,225,240,222,236,214,242,243,240,224,216,220,241
415,Crawford,258,232,242,231,238,233,260,254,232,240,235,235,247,236,239,227,232
416,Rapides,240,233,219,201,226,217,239,222,209,189,217,234,261,219,227,227,209
417,Winchester,242,232,249,219,205,230,237,231,241,228,225,249,217,218,237,230,216
418,Haywood,229,225,217,203,184,195,200,197,226,220,188,189,197,177,178,191,174
419,Dakota,236,258,249,234,258,229,231,240,244,244,235,233,242,237,223,236,226
420,Boone,246,229,217,215,202,213,217,210,231,221,214,232,202,228,222,223,205
421,Natrona,284,295,291,295,255,258,255,222,236,239,237,256,236,257,243,251,244
422,Morgan,234,233,240,213,213,214,216,215,233,205,213,221,215,222,226,220,220
423,Ellis,280,267,254,252,259,253,276,289,231,268,271,265,289,262,271,278,243
424,Flagler,197,212,192,180,193,217,194,234,203,182,220,232,229,187,196,191,178
425,Henry,251,244,239,252,248,241,245,221,237,209,221,220,236,242,237,230,220
426,York,235,228,244,214,199,214,189,190,223,210,214,221,202,208,217,212,221
427,Monmouth,256,255,259,237,218,223,224,233,249,241,220,246,226,223,242,235,231
428,Faulkner,262,253,241,224,238,234,249,245,236,232,233,238,242,240,233,237,227
429,Anoka,252,271,257,235,269,243,241,259,265,253,253,242,246,240,232,244,241
430,St. Joseph,236,232,222,224,217,216,216,215,216,193,217,232,200,220,218,214,218
431,Penobscot,223,214,236,199,205,217,170,167,200,167,196,199,184,182,194,198,188
432,Riverside,332,328,333,338,312,316,312,305,324,310,329,293,306,262,313,310,312
433,Story,256,258,250,259,259,245,255,237,249,235,248,241,265,257,249,230,236
434,Sumter,237,229,252,209,200,216,213,227,244,219,220,233,243,204,223,231,206
435,Kern,335,320,305,326,300,322,288,294,317,324,316,286,299,285,323,319,311
436,Providence,242,240,258,210,214,236,223,221,240,222,225,244,220,229,241,234,234
437,Williamson,289,269,260,261,266,250,269,290,247,274,278,277,306,274,268,280,243
438,Carbon,245,223,231,213,198,207,211,202,212,206,210,230,203,203,218,222,208
439,Spartanburg,232,224,233,217,189,206,223,204,248,223,201,206,220,201,203,215,186
440,Marathon,246,240,241,219,250,215,228,215,230,207,231,232,225,215,192,207,234
441,Blair,235,222,237,203,183,217,211,202,214,206,208,225,191,199,209,205,197
442,Ramsey,240,265,251,234,259,234,239,249,252,245,245,234,240,229,218,236,234
443,Lee,182,209,183,171,189,221,199,204,204,196,197,199,208,188,186,190,181
444,Josephine,231,223,235,252,205,232,218,198,237,231,235,197,220,206,251,225,232
445,Sarpy,262,260,257,281,286,272,274,273,274,271,281,270,271,295,291,279,266
446,Somerset,230,221,218,194,174,194,202,186,199,191,203,190,174,177,186,201,186
447,Washington,240,231,226,202,186,195,201,198,228,213,193,205,190,189,182,208,189
448,Guilford,247,239,247,228,192,218,233,231,254,231,217,225,238,213,219,236,215
449,Ada,282,263,289,276,247,247,250,236,272,248,243,232,236,236,263,250,247
450,Woodford,241,236,240,251,249,246,255,229,244,219,221,229,233,247,232,241,231
451,Richmond,250,247,253,217,217,237,234,243,262,239,231,244,243,236,225,240,217
452,Somerset,248,233,248,227,207,216,216,208,238,219,206,233,208,206,231,224,215
453,Erie,226,216,216,202,177,186,189,181,197,158,202,200,175,182,183,195,183
454,Roanoke,249,254,258,214,191,225,217,228,238,231,226,221,223,210,210,230,207
455,Augusta,246,243,249,212,185,212,207,221,227,222,209,227,206,205,209,211,199
456,Benton,251,260,258,240,263,249,254,255,268,262,256,254,256,243,233,244,260
457,Bay,191,217,199,165,194,219,217,226,217,223,213,235,246,215,210,217,201
458,Lauderdale,249,248,222,205,223,216,236,244,265,236,212,238,240,211,218,236,213
459,Oklahoma,275,260,268,266,273,256,278,279,241,275,247,263,290,289,266,281,256
460,Hopewell,249,249,265,251,241,246,267,282,283,271,265,282,268,273,267,276,255
461,Winnebago,240,250,235,250,264,235,251,232,243,216,224,245,240,249,230,232,234
462,Wicomico,247,231,244,235,199,229,232,239,244,231,215,238,224,215,228,224,202
463,Iredell,239,233,252,230,193,225,238,227,266,242,212,228,228,211,222,226,215
464,Whatcom,157,190,185,202,180,158,162,152,143,156,186,134,142,132,161,163,173
465,Ocean,254,243,259,232,207,226,220,219,237,235,214,240,215,209,231,217,224
466,Comanche,277,263,269,263,280,243,268,276,248,282,253,274,303,275,273,290,245
467,Genesee,237,229,231,232,225,214,219,219,224,189,223,241,204,214,216,224,222
468,Assumption,238,242,225,190,207,195,228,226,199,207,210,224,249,211,210,226,207
469,Chelan,185,204,208,218,220,190,200,191,188,181,213,167,177,169,201,195,216
470,Cleveland,278,257,262,258,270,255,272,282,245,289,250,262,301,288,268,288,256
471,Harnett,242,227,246,230,199,217,217,220,268,205,217,220,234,201,226,225,212
472,Wagoner,263,248,266,259,247,258,265,270,237,262,245,261,266,265,253,251,236
473,Washington,237,261,251,237,257,240,237,249,254,248,250,240,238,239,220,242,236
474,Portsmouth,239,246,270,244,254,261,274,287,294,286,258,282,277,274,274,264,265
475,Fayette,232,220,218,189,176,192,202,182,205,182,194,186,168,178,187,200,183
476,Calhoun,225,224,228,228,225,219,229,223,235,210,224,246,223,224,218,220,214
477,Weld,262,293,275,296,251,252,264,242,244,262,232,238,235,262,252,245,226
478,Polk,255,258,244,261,257,242,248,239,251,236,249,229,253,264,252,244,232
479,Liberty,233,230,210,206,212,210,202,221,226,217,207,225,241,208,207,216,185
480,Williamson,263,244,223,193,220,211,240,229,253,246,210,229,221,208,205,228,210
481,Laramie,277,286,274,284,247,246,249,231,230,255,221,234,234,251,255,240,225
482,Asotin,257,246,268,258,223,216,253,221,248,224,235,218,218,201,217,221,241
483,Rockdale,240,244,246,214,204,228,227,239,250,228,219,238,240,228,217,238,202
484,San Juan,305,302,293,304,274,281,263,255,266,271,281,250,251,259,260,268,234
485,Fresno,282,302,292,310,278,299,267,256,307,304,289,255,280,258,302,282,273
486,Sangamon,240,243,236,237,233,236,235,233,242,220,225,241,229,248,239,226,227
487,Osage,260,255,277,262,256,252,261,273,245,257,238,252,264,277,257,261,233
488,Catawba,238,231,242,220,189,213,227,219,258,233,207,220,222,202,214,224,214
489,Tazewell,242,235,233,249,240,241,242,220,235,217,207,218,224,239,231,233,227
490,Larimer,214,242,242,260,184,207,206,194,207,210,186,190,193,221,204,189,193
491,Warren,250,238,223,198,213,210,234,206,234,237,199,220,204,214,211,223,199
492,Caddo,250,241,234,235,257,227,260,266,222,241,245,251,275,240,261,262,237
493,Delaware,250,240,238,240,260,254,264,257,268,247,264,260,258,278,274,267,256
494,Hancock,228,226,212,186,204,208,219,225,220,219,189,221,242,199,197,211,190
495,Knox,240,238,227,207,195,209,217,207,238,222,196,215,202,198,198,211,200
496,Jackson,251,260,253,266,265,246,252,268,244,235,240,234,246,271,264,262,229
497,Stearns,250,255,252,236,259,239,233,242,259,251,256,242,245,227,229,244,248
498,Sherburne,244,255,253,235,253,233,237,246,266,247,250,243,243,222,221,240,240
499,Racine,241,234,243,240,241,226,230,201,225,198,217,237,218,227,194,207,220
500,Logan,276,261,278,264,274,258,274,283,258,276,252,262,282,285,265,277,255
501,Oneida,208,176,199,158,171,170,173,149,156,145,169,186,173,173,166,185,193
502,Douglas,287,290,281,296,273,254,256,231,272,263,264,235,254,223,266,248,260
503,Dale,227,241,231,199,204,220,228,247,247,197,212,239,241,224,219,237,195
504,Madera,279,289,293,307,279,306,270,259,309,302,287,265,287,269,308,285,284
505,Gaston,245,232,255,230,197,230,240,227,268,244,216,231,234,217,221,232,219
506,Johnston,239,229,249,222,194,215,217,219,257,207,210,225,230,197,222,224,208
507,Santa Clara,299,295,298,312,296,312,283,278,310,317,293,271,295,293,336,302,315
508,Charleston,202,204,210,187,204,212,210,219,230,210,206,223,235,211,209,206,197
509,Benton,309,291,299,311,268,269,274,252,285,278,273,245,266,243,270,271,284
510,Erie,246,235,236,224,223,215,226,204,234,204,225,228,201,207,227,230,218
511,Vermilion,239,227,239,231,226,229,225,212,233,214,222,229,225,232,233,208,220
512,St. Louis,242,241,239,224,227,232,241,234,230,222,234,241,230,234,232,233,228
513,Boone,251,261,242,262,284,265,278,268,260,243,254,268,282,289,256,262,262
514,Dane,233,246,240,236,251,232,232,216,237,206,223,238,222,224,214,227,225
515,Jefferson,215,216,207,170,190,188,208,189,181,205,181,209,233,182,182,203,179
516,St. Tammany,224,223,214,178,199,205,214,218,209,211,183,209,228,183,191,206,177
517,St. Louis,239,254,249,236,235,207,205,215,230,217,226,221,230,190,186,206,210
518,Lorain,243,233,236,215,217,211,224,199,233,194,213,227,197,206,226,214,223
519,Harford,239,236,245,219,193,215,227,221,236,220,211,228,222,203,224,213,211
520,Edgefield,255,247,256,218,203,231,226,236,259,225,218,236,229,214,216,227,204
521,Calumet,238,228,242,231,247,225,238,233,233,211,243,238,228,222,211,218,239
522,New Hanover,220,211,234,204,200,216,212,221,233,218,220,230,233,213,220,207,201
523,Albemarle,240,236,256,216,187,217,222,233,238,229,222,238,212,210,221,217,205
524,Robertson,253,251,224,197,216,204,240,214,237,239,198,226,212,227,213,226,199
525,East Baton Rouge,236,232,217,190,214,210,221,223,205,199,206,222,234,192,211,208,195
526,St. Mary's,240,228,254,226,189,225,229,239,246,231,225,239,228,197,228,228,207
527,Kent,225,214,226,223,222,207,227,219,221,178,218,236,204,217,194,208,224
528,Pitt,238,226,246,211,195,213,214,226,249,205,214,237,233,203,224,233,207
529,Polk,199,241,195,174,178,215,175,227,198,195,206,222,217,188,196,192,180
530,Rockingham,236,225,240,211,200,215,191,203,224,207,214,227,205,205,220,221,228
531,King,147,156,191,197,191,174,182,176,167,156,202,141,157,142,180,185,194
532,Deschutes,233,245,247,256,203,212,221,201,237,222,229,195,203,191,222,212,231
533,Pottawattamie,262,261,261,274,277,266,275,263,279,271,271,260,270,295,282,275,265
534,Tioga,230,209,236,210,197,199,204,200,216,193,209,214,199,205,213,212,208
535,Fulton,230,246,235,208,199,221,216,224,243,222,208,224,227,213,204,221,197
536,Jefferson,239,234,238,242,257,227,233,223,236,215,233,245,225,226,208,228,226
537,Pender,225,217,241,202,197,215,206,221,243,199,217,219,220,195,219,206,197
538,Washoe,307,294,301,297,260,279,245,248,288,282,272,251,262,251,288,266,263
539,Fairfield,231,230,236,213,200,216,207,199,224,202,215,227,200,201,217,217,213
540,San Joaquin,304,296,300,317,291,309,271,274,311,317,292,267,287,289,327,300,308
541,Houston,223,237,226,187,198,212,219,240,228,188,210,237,234,212,215,218,192
542,Pennington,264,273,276,286,252,267,265,231,254,244,232,248,231,254,237,253,248
543,Bryan,240,240,225,220,210,216,208,237,241,221,216,226,248,218,211,224,193
544,Dinwiddie,240,241,253,229,187,207,223,235,247,230,217,239,222,204,220,232,206
545,St. Lucie,168,207,177,161,219,243,209,224,197,216,220,237,225,192,199,199,184
546,Monroe,227,204,226,201,179,197,197,185,194,173,204,204,194,189,185,188,208
547,Lincoln,275,262,275,279,282,281,257,266,271,261,262,259,256,264,261,251,257
548,Chippewa,238,237,234,215,244,221,225,231,232,221,238,232,236,219,202,208,229
549,Lowndes,233,230,220,199,215,221,227,243,255,227,229,237,251,216,223,236,207
550,Macomb,250,246,248,247,237,238,234,218,229,196,223,239,187,220,220,214,222
551,Norfolk,232,237,260,219,214,238,235,235,263,252,222,247,242,217,232,229,227
552,Pulaski,235,245,242,210,180,212,205,206,232,224,208,208,212,190,193,209,195
553,Union,244,229,250,233,192,232,229,219,259,230,213,228,229,192,218,222,212
554,Okaloosa,197,229,206,164,196,208,214,228,223,189,211,233,240,225,211,224,204
555,Alameda,302,294,298,310,294,308,276,276,303,315,295,273,293,286,330,297,309
556,Gloucester,254,233,247,220,204,226,222,223,247,235,216,232,219,207,229,225,218
557,Hillsborough,227,218,243,200,197,218,196,197,213,204,217,232,199,208,228,214,225
558,Polk,190,211,200,221,192,196,201,189,202,196,210,170,194,177,214,203,215
559,Nueces,280,257,255,241,246,257,270,258,236,265,276,271,301,257,251,243,224
560,Madison,247,248,224,201,219,232,221,237,259,239,207,232,239,215,212,232,205
561,Wilson,248,240,223,196,217,213,239,224,248,245,201,223,212,217,212,222,204
562,Iberia,223,210,206,172,212,211,218,211,197,200,203,225,239,190,207,204,195
563,Onslow,219,215,232,197,197,221,207,217,238,196,207,227,231,194,223,210,203
564,Bristol,246,230,228,204,195,206,202,206,232,216,195,209,193,198,186,210,192
565,Will,245,236,234,238,248,237,229,213,229,199,216,217,213,234,210,223,207
566,Clay,263,267,259,277,286,267,268,282,265,263,259,255,268,295,276,275,252
567,Boone,235,229,230,226,208,223,212,212,229,207,217,216,211,232,229,208,211
568,Scott,256,251,248,253,252,247,251,229,250,225,226,231,245,258,248,244,242
569,Harrison,219,225,206,168,204,210,214,217,223,218,194,224,246,200,197,219,193
570,Bradley,231,241,229,205,210,226,228,224,258,235,220,223,235,214,209,223,208
571,Broome,230,202,236,204,194,198,197,191,210,186,208,216,196,202,214,209,205
572,Jefferson,251,235,225,206,199,205,213,208,222,204,224,217,188,197,203,224,195
573,Cumberland,250,230,246,221,201,224,218,223,242,231,215,230,223,206,224,226,219
574,Douglas,243,257,240,241,242,222,230,238,244,233,242,240,236,217,200,220,223
575,Edgecombe,241,229,255,225,192,211,227,213,254,222,209,231,235,195,220,234,203
576,Murray,232,235,230,206,212,230,224,230,249,235,209,218,229,210,205,218,204
577,Rensselaer,230,212,236,197,197,204,203,182,188,174,209,217,199,199,218,211,211
578,Collier,195,209,185,171,181,204,189,189,190,193,186,186,199,169,188,178,162
579,Calhoun,226,262,228,203,222,244,228,236,260,234,207,245,235,231,218,230,203
580,Jackson,216,225,209,168,211,212,229,228,232,217,197,224,250,211,204,223,212
581,Campbell,250,230,223,219,209,219,221,220,238,228,221,238,202,242,228,228,219
582,Chambers,242,244,216,207,231,209,242,229,207,219,230,239,267,217,231,218,214
583,Hardin,248,240,229,217,232,204,253,234,211,219,230,229,265,216,245,222,217
584,Litchfield,217,225,227,212,191,211,208,185,209,190,203,227,199,201,214,206,209
585,Saginaw,242,232,235,229,224,219,228,224,231,193,227,246,210,217,219,228,224
586,Botetourt,251,244,255,219,187,218,214,223,237,228,216,229,207,211,215,219,201
587,Madison,240,239,239,225,236,236,242,242,236,228,233,242,229,245,239,237,230
588,Collin,271,260,252,248,265,245,263,291,240,265,262,261,292,251,276,279,241
589,Sarasota,183,213,193,173,200,240,205,222,211,196,208,226,223,205,196,192,178
590,Mohave,310,310,306,331,289,297,275,277,315,294,309,287,280,272,290,291,273
591,Yavapai,304,300,297,316,280,278,269,272,285,273,297,272,278,264,289,289,257
592,Horry,213,217,239,193,194,223,211,210,231,214,212,225,225,195,208,211,193
593,Montgomery,248,233,245,221,191,214,215,215,243,232,207,227,209,201,221,226,213
594,Morris,243,227,244,226,208,217,220,208,235,216,207,237,208,213,236,226,225
595,Brazoria,245,237,218,219,228,203,240,221,204,223,236,247,284,212,231,216,209
596,Staunton,258,251,270,246,239,252,269,290,274,275,261,278,265,273,271,264,250
597,Montgomery,249,236,229,218,218,220,220,220,237,232,231,240,203,241,230,225,218
598,Bay,243,233,236,235,229,217,232,226,230,198,228,247,217,227,220,230,230
599,Shelby,248,248,226,209,226,220,250,237,241,224,217,239,225,224,232,226,212
600,Butte,282,264,282,292,255,278,250,243,283,291,270,234,259,263,301,273,285
601,Brown,233,224,238,219,240,219,243,228,237,200,236,237,233,223,213,212,240
602,Terrebonne,212,209,203,168,198,189,211,202,183,205,197,216,237,189,197,202,189
603,Williamsburg,232,244,261,230,206,216,238,232,253,235,228,247,230,213,225,240,222
604,Le Flore,248,233,241,223,234,228,249,251,219,235,228,234,252,237,234,232,218
605,Mecklenburg,247,234,252,231,196,231,236,227,264,234,215,230,234,206,224,229,216
606,Essex,249,234,246,228,214,224,225,219,245,220,219,241,216,210,239,226,235
607,Ector,323,316,305,280,302,278,292,293,264,235,288,289,325,303,313,311,278
608,Berkeley,238,228,243,215,196,218,234,225,241,221,221,243,211,204,233,223,209
609,Denton,279,264,261,252,272,233,268,288,236,263,260,268,288,253,278,280,246
610,Monroe,241,246,252,229,239,237,250,242,235,231,243,244,241,245,232,244,244
611,Walker,236,245,228,209,212,230,231,225,262,235,217,231,238,216,212,223,211
612,Cowlitz,167,202,206,219,191,186,189,182,195,177,206,157,178,160,197,191,208
613,Merced,287,302,303,320,301,310,275,280,321,315,300,269,295,288,327,299,310
614,Burke,234,225,231,222,184,206,223,209,239,229,202,220,214,203,206,214,201
615,Wayne,239,227,247,221,195,216,225,225,263,209,221,234,233,199,226,232,207
616,Davie,243,242,251,233,196,229,238,229,267,244,215,234,236,219,220,242,218
617,Auglaize,237,231,228,229,206,206,209,204,231,218,227,239,188,223,232,226,211
618,Bossier,253,241,230,235,257,222,259,264,216,234,241,250,271,238,255,257,231
619,Callaway,245,246,242,243,233,235,236,252,240,219,231,229,227,245,242,240,232
620,Montour,231,227,244,209,191,206,214,201,218,202,217,224,192,204,223,220,209
621,Queens,247,244,247,226,213,223,216,221,239,220,221,244,216,212,236,222,230
622,Lancaster,242,226,246,225,185,225,217,218,258,222,211,225,236,192,216,219,201
623,Woodbury,260,248,265,273,270,269,256,260,245,255,266,246,266,269,273,259,251
624,Jefferson,246,249,244,221,232,236,247,234,232,228,237,238,229,237,238,231,236
625,Chatham,241,244,230,221,215,217,213,236,239,222,224,228,248,218,216,222,201
626,Cumberland,233,220,242,210,198,216,181,179,214,193,202,213,198,195,210,204,207
627,Pulaski,262,255,236,225,229,221,243,255,234,231,225,238,236,226,239,235,217
628,Bannock,237,266,279,282,255,234,236,230,277,244,233,228,231,224,245,238,224
629,Geauga,230,219,221,204,204,211,206,183,210,183,207,216,181,189,206,203,199
630,Tulare,320,315,301,310,281,302,268,263,300,319,312,276,288,262,302,304,296
631,Wayne,223,201,208,186,167,181,195,170,189,161,189,189,185,184,173,175,188
632,Delaware,250,230,246,215,196,216,219,218,241,234,207,232,209,206,222,222,215
633,Niagara,252,213,237,216,182,210,212,197,211,185,208,217,205,203,195,196,213
634,Clay,209,212,208,184,193,214,197,245,223,178,220,243,235,197,206,210,176
635,Wake,241,229,244,230,184,211,211,220,257,206,205,221,230,192,211,218,204
636,Hamilton,245,231,221,217,209,218,220,217,233,222,222,236,203,239,222,225,216
637,Bergen,244,227,240,222,200,215,215,210,236,212,214,231,210,205,233,217,226
638,DuPage,253,241,240,252,260,247,244,227,235,210,222,231,226,246,210,236,222
639,Oconee,250,254,261,241,250,273,253,281,280,267,266,272,271,287,255,267,257
640,Monroe,231,227,227,239,219,220,224,209,236,204,221,235,194,212,228,216,212
641,Shelby,252,230,218,213,201,217,220,220,243,225,209,228,206,215,215,215,201
642,Adams,241,235,249,210,182,229,228,224,229,216,223,243,202,201,223,217,217
643,Davidson,258,249,220,191,210,211,242,229,247,246,201,227,215,213,210,227,210
644,Utah,261,268,278,287,242,252,229,225,275,250,236,219,223,209,223,228,225
645,Clay,240,234,244,218,219,220,220,213,233,213,218,230,220,230,225,216,219
646,Kings,260,245,254,245,254,260,266,275,282,255,256,280,262,274,279,256,278
647,Kalamazoo,225,220,223,223,215,214,229,216,221,189,217,245,215,223,214,216,223
648,Greene,243,243,236,213,228,243,248,255,233,236,231,235,232,259,245,243,233
649,Lehigh,245,235,241,216,205,215,216,211,224,223,211,229,203,210,224,227,209
650,Chemung,238,217,239,214,195,202,208,205,222,197,211,212,197,201,219,214,212
651,Stanislaus,284,298,299,316,298,312,273,276,317,317,293,265,297,288,329,296,309
652,Northampton,245,234,241,224,208,211,218,211,229,221,209,230,206,208,227,225,210
653,Morgan,247,248,224,201,219,232,221,237,259,239,207,232,239,215,212,232,205
654,Osceola,191,238,192,184,186,219,177,226,200,191,206,225,207,189,191,190,177
655,New York,260,245,254,245,254,260,266,275,282,255,256,280,262,274,279,256,278
656,Benton,260,236,243,213,254,237,262,252,236,233,238,245,248,260,256,251,236
657,Marion,207,222,200,178,191,206,180,234,204,195,205,220,218,190,197,187,163
658,Warren,244,228,239,224,209,215,211,207,227,218,208,234,212,210,231,227,216
659,Effingham,238,234,237,216,215,233,216,250,245,225,232,236,247,221,215,224,204
660,Cumberland,236,233,249,208,182,228,225,218,225,211,222,238,199,193,223,214,217
661,Franklin,237,232,243,215,186,220,231,223,226,212,228,244,192,199,222,216,210
662,Luzerne,235,222,235,210,198,205,210,202,212,198,205,230,194,198,218,215,207
663,Russell,232,244,237,192,198,224,225,240,247,235,211,237,239,223,217,229,193
664,Lake,250,242,245,250,255,234,236,208,228,212,213,235,223,236,209,216,227
665,Cobb,229,246,237,212,209,227,217,232,245,234,211,221,233,213,209,224,199
666,Belmont,247,232,221,204,196,201,217,204,218,210,217,222,188,199,208,221,193
667,Charles,236,226,252,223,194,218,232,233,243,221,218,241,217,199,226,215,196
668,Cape Girardeau,253,241,235,218,234,231,245,222,242,234,229,250,230,239,235,234,226
669,Walla Walla,265,255,267,267,228,224,252,229,252,227,242,213,227,205,230,228,258
670,Dallas,271,262,249,257,260,241,270,291,233,262,261,258,288,251,269,269,233
671,Ouachita,247,248,241,223,238,224,247,246,226,223,219,237,257,228,227,228,203
672,St. John the Baptist,232,236,228,183,200,189,217,210,195,207,197,210,236,183,195,205,189
673,Sevier,240,236,222,196,198,207,206,203,242,223,197,206,204,182,191,204,192
674,El Paso,334,324,342,311,316,291,283,293,268,288,300,290,315,303,312,306,292
675,Washington,240,231,214,199,194,194,199,198,205,201,214,214,168,196,206,207,191
676,Jefferson,253,230,215,214,205,226,227,211,243,222,222,225,213,214,225,228,207
677,Winnebago,242,237,245,231,245,227,235,222,233,220,240,238,233,224,215,215,241
678,Midland,244,232,232,225,224,214,227,221,231,196,226,244,207,215,220,225,222
679,Hardin,254,230,218,198,211,215,233,215,245,228,205,224,214,216,216,223,198
680,Fredericksburg,249,240,258,253,233,251,272,294,293,268,258,282,270,270,273,260,247
681,Raleigh,243,232,230,199,180,200,196,191,214,203,193,197,186,184,184,205,190
682,Santa Fe,288,276,282,279,265,259,260,263,257,266,272,271,274,269,257,276,239
683,Orange,310,317,312,325,300,302,301,287,310,298,313,282,294,268,303,298,303
684,Howard,244,225,223,226,212,217,219,210,217,202,222,224,202,227,235,213,217
685,Christian,254,244,225,213,219,227,240,215,243,238,209,241,223,224,225,234,216
686,Eaton,225,221,225,227,226,221,224,219,230,199,223,241,209,218,218,223,214
687,Imperial,351,350,345,347,329,332,324,328,345,321,341,312,322,289,321,331,323
688,Cass,238,216,227,223,219,205,213,208,209,172,207,227,202,211,199,208,212
689,Dearborn,248,227,219,214,206,220,226,219,238,230,220,240,209,235,224,224,207
690,Crittenden,253,262,236,226,237,230,263,254,245,244,233,250,239,240,237,225,228
691,Onondaga,221,186,203,172,172,184,187,163,177,167,190,182,188,182,174,197,199
692,Sutter,307,290,296,310,289,305,280,271,316,319,296,271,292,298,332,300,319
693,Peoria,244,235,233,248,246,247,245,231,237,222,215,223,229,244,236,233,232
694,Allegheny,241,225,219,198,181,200,206,201,208,193,207,197,172,189,202,206,192
695,Champaign,234,233,237,233,233,229,231,220,236,215,222,229,227,238,230,212,219
696,Smith,254,247,227,241,261,238,267,276,225,258,256,254,275,252,260,252,243
697,Tulsa,259,251,274,261,256,258,273,283,244,265,250,263,274,282,260,258,240
698,Oakland,239,234,237,242,223,226,227,213,230,195,221,226,191,214,214,212,209
699,Alachua,229,228,215,187,194,212,196,247,219,196,218,231,242,195,211,206,167
700,Bucks,243,235,243,224,207,211,216,206,231,225,208,230,204,204,227,222,211
701,Lycoming,227,215,233,211,193,203,209,200,215,199,216,218,186,200,216,217,202
702,Tom Green,305,299,290,265,272,235,281,287,261,259,285,282,309,279,261,295,260
703,Clermont,245,228,218,213,208,206,211,210,232,222,219,229,198,219,218,225,203
704,Lebanon,246,233,245,210,195,217,213,207,223,216,212,230,197,204,227,217,212
705,Passaic,244,227,240,222,200,215,215,210,236,212,214,231,210,205,233,217,226
706,Hennepin,237,263,252,231,262,239,236,246,254,253,250,237,246,223,225,245,238
707,Centre,225,222,230,207,179,205,216,198,215,195,208,222,179,202,212,214,193
708,Oldham,262,237,223,235,241,251,260,268,272,259,255,262,255,268,256,258,252
709,Cherokee,243,244,244,238,249,259,255,272,272,265,256,258,264,262,245,244,243
710,Chittenden,208,198,232,206,199,199,194,178,198,181,198,196,183,194,194,203,194
711,Lafourche,207,206,210,161,202,192,218,199,189,216,198,221,243,192,195,208,185
712,Santa Rosa,194,222,208,161,198,215,216,221,219,205,206,225,244,211,203,220,203
713,Campbell,241,244,255,221,173,212,217,227,246,233,226,233,223,215,226,224,211
714,Bernalillo,295,294,293,301,292,282,276,287,280,287,289,276,279,290,280,292,243
715,Washington,236,227,244,215,192,212,231,222,236,212,217,238,202,201,226,213,203
716,Salem,250,230,246,221,201,224,218,223,242,231,215,230,223,206,224,226,219
717,Lynchburg,244,248,259,227,186,227,225,242,259,239,231,246,231,218,233,230,222
718,Saline,262,251,235,229,236,223,244,255,237,230,229,239,240,232,235,233,216
719,Allegan,227,217,221,216,206,197,207,195,209,176,203,227,201,211,187,193,203
720,Franklin,245,238,222,212,206,210,216,203,225,219,228,232,186,217,221,229,210
721,Brevard,178,217,176,168,193,216,181,218,195,202,200,223,210,191,196,185,173
722,Monroe,231,229,232,208,210,214,206,209,233,210,218,226,207,227,223,217,222
723,Nicollet,241,241,244,243,268,253,237,242,263,263,253,238,254,246,246,253,238
724,Clark,168,195,202,224,191,187,189,182,197,179,211,170,180,167,205,189,214
725,Newton,242,248,250,212,204,240,238,243,258,238,224,249,241,239,224,241,205
726,Livingston,231,232,217,188,201,207,223,220,206,209,192,206,222,187,199,204,194
727,Essex,236,227,248,218,201,225,201,206,227,213,219,231,208,211,228,221,228
728,Douglas,274,276,274,298,262,256,259,249,251,279,255,255,260,263,251,250,229
729,Richland,238,230,255,214,191,227,214,228,251,223,213,227,225,193,223,228,201
730,Madison,234,224,230,221,207,221,214,205,232,210,221,220,204,230,227,218,214
731,Brooke,264,250,233,227,246,251,262,270,256,247,258,261,246,276,255,267,251
732,Yellowstone,283,282,293,275,252,276,249,240,262,253,243,228,236,250,240,243,232
733,West Baton Rouge,241,234,224,194,220,216,230,227,206,202,214,230,249,212,211,217,205
734,Morton,279,277,301,277,275,264,266,253,274,260,253,251,248,251,255,266,259
735,Buncombe,223,216,220,214,182,197,203,193,232,213,189,194,199,181,187,203,175
736,Petersburg,249,249,265,251,241,246,267,282,283,271,265,282,268,273,267,276,255
737,Meade,299,286,291,301,274,286,275,247,268,260,242,254,242,256,252,259,262
738,Marion,237,229,233,219,216,225,223,218,245,211,220,222,209,238,235,222,217
739,Bibb,248,250,244,213,216,241,238,262,257,236,233,252,244,241,233,246,207
740,Gregg,252,248,233,237,260,232,263,269,221,251,255,255,275,249,261,259,236
741,Rockland,243,228,241,224,202,215,216,212,235,211,215,232,211,206,232,210,225
742,Suffolk,229,225,256,220,194,217,220,214,255,233,214,235,236,200,219,225,217
743,El Paso,274,276,276,299,250,242,259,244,251,272,247,249,242,260,256,248,235
744,Fairfax,232,227,245,217,196,226,231,236,241,228,220,241,207,205,224,215,208
745,Anderson,240,240,226,201,197,208,225,213,247,234,203,225,205,208,202,214,205
746,Kent,250,229,243,232,193,226,221,223,240,226,211,225,225,208,231,223,206
747,Wood,231,229,230,239,217,220,224,210,231,201,232,236,186,215,231,227,220
748,Jackson,236,240,243,216,201,233,220,221,249,226,219,228,222,208,206,231,198
749,San Mateo,297,283,289,291,276,298,271,256,291,290,286,256,285,261,318,284,308
750,Union,249,242,227,216,207,217,222,210,230,228,232,243,189,227,226,234,220
751,Cuyahoga,236,219,227,205,204,203,204,190,218,180,202,218,194,191,204,207,209
752,Umatilla,257,244,247,254,217,212,240,217,249,212,226,208,217,185,214,211,236
753,Whitfield,236,245,228,209,212,230,231,225,262,235,217,231,238,216,212,223,211
754,Kitsap,156,158,197,215,193,187,199,183,174,180,208,152,162,144,190,187,193
755,McHenry,240,241,239,251,263,239,248,221,239,216,222,245,238,236,216,224,232
756,Warren,243,230,220,211,207,208,214,213,231,221,223,231,197,233,219,218,212
757,Spalding,246,245,241,212,202,243,237,243,258,234,228,246,246,242,225,233,208
758,Hunterdon,243,231,248,227,211,218,217,211,237,219,211,234,210,211,235,228,220
759,Bristol,242,234,255,217,214,237,232,231,245,223,231,243,223,230,233,235,235
760,Newport,237,231,248,211,208,240,231,219,244,221,213,229,214,216,222,232,228
761,Fairfield,249,241,225,211,218,216,223,202,227,225,232,232,191,224,220,232,210
762,Elmore,224,258,224,199,211,232,221,241,245,231,206,244,240,231,214,233,206
763,Henderson,227,231,219,214,190,213,218,214,240,229,200,206,221,193,199,212,188
764,Indian River,177,221,186,171,191,223,184,209,191,203,200,224,202,182,196,187,176
765,Mesa,274,268,273,284,248,248,224,227,247,251,252,237,238,240,242,242,212
766,Susquehanna,237,211,239,207,199,200,202,201,220,195,212,234,203,209,228,215,207
767,Washington,246,229,216,197,184,197,208,196,202,183,199,193,176,187,192,207,185
768,Muskegon,232,223,234,225,225,209,224,204,220,187,217,238,206,223,191,201,222
769,Hinds,238,243,212,195,225,227,236,238,228,229,215,224,244,222,218,235,216
770,Loudoun,234,227,241,218,196,219,232,231,245,223,226,242,207,203,220,217,202
771,Nash,247,227,250,230,194,215,234,230,259,221,215,233,234,196,224,234,207
772,York,223,237,258,225,205,217,232,225,241,235,221,245,231,206,219,229,211
773,Missoula,202,199,206,202,159,174,190,162,178,168,187,162,153,152,179,173,209
774,Upshur,254,248,228,243,259,237,267,273,223,258,254,255,273,252,260,254,243
775,Ohio,248,236,215,202,193,199,212,207,211,197,212,213,187,197,204,210,186
776,Rockingham,240,231,244,215,187,206,223,220,225,223,205,232,200,187,216,209,186
777,Orleans,224,225,217,174,198,199,221,212,212,214,187,218,240,193,195,213,185
778,Jefferson,228,252,217,203,211,222,222,233,251,227,195,231,230,221,200,221,196
779,Dade,252,252,237,230,247,261,262,267,282,267,252,267,276,271,261,254,251
780,DeSoto,250,253,226,217,232,229,264,258,249,239,229,248,242,233,243,242,234
781,Madison,259,246,228,206,225,217,244,246,250,244,212,243,229,222,223,228,215
782,Licking,248,242,226,209,209,209,215,188,219,217,228,229,179,213,216,225,199
783,Manassas,245,242,258,245,243,258,274,294,287,272,268,289,266,270,276,258,249
784,Montgomery,226,256,217,200,201,232,229,247,250,226,215,233,243,224,218,229,205
785,Arapahoe,278,289,281,302,274,262,274,267,257,288,250,264,260,279,265,256,243
786,Skagit,155,168,184,192,191,168,177,165,152,162,190,135,151,135,173,172,188
787,Brunswick,223,214,237,200,204,218,207,218,237,214,215,230,228,205,225,209,200
788,Hall,273,278,276,285,283,266,278,271,261,267,259,255,260,296,275,277,266
789,Blue Earth,236,233,248,239,273,242,233,235,259,259,246,237,250,242,236,244,233
790,Spotsylvania,239,238,258,222,188,211,230,231,246,230,218,238,218,210,221,218,203
791,Strafford,231,227,241,216,201,217,185,199,220,204,216,230,202,205,220,216,222
792,Houston,241,246,244,202,210,238,230,247,254,234,227,247,247,230,223,238,196
793,Sebastian,255,236,248,228,245,239,258,254,235,243,235,244,253,250,244,236,230
794,Santa Cruz,295,288,292,304,284,305,272,267,302,306,289,267,291,281,330,293,309
795,Forsyth,235,238,239,215,200,229,220,220,247,225,215,222,224,205,209,223,199
796,San Patricio,294,279,272,255,249,250,267,260,242,278,285,267,305,264,262,250,228
797,York,243,231,255,225,187,229,226,220,259,237,212,224,231,205,216,222,209
798,Ascension,229,233,224,184,204,201,225,226,196,212,199,212,237,188,194,208,197
799,Chesterfield,244,238,259,225,182,208,222,234,244,231,226,240,220,210,224,235,205
800,Kanawha,244,234,222,192,180,189,192,188,213,194,199,198,171,181,184,201,185
801,Summit,232,228,214,197,202,210,208,202,224,203,219,217,184,196,215,218,204
802,Glynn,212,212,214,199,228,224,212,230,233,226,217,234,245,206,214,219,195
803,Webb,316,301,298,280,267,264,288,277,253,291,295,288,313,273,279,272,262
804,Prince George,237,239,257,230,199,213,231,227,253,235,228,249,228,208,221,243,218
805,Pierce,167,198,199,216,193,188,191,181,184,165,207,151,172,149,188,189,195
806,Lancaster,243,231,252,213,192,220,213,211,225,221,212,229,200,194,221,217,210
807,Etowah,230,257,223,201,219,236,224,230,259,231,208,240,236,227,214,227,204
808,Waukesha,240,225,237,243,251,230,236,219,239,211,234,251,224,227,211,220,227
809,Norfolk,234,232,251,217,205,231,218,212,241,214,224,232,210,220,228,224,231
810,Hendricks,235,232,235,220,220,225,226,224,239,208,216,225,216,237,233,224,219
811,Jackson,252,242,245,229,241,236,256,236,245,234,238,246,241,249,241,238,237
812,Georgetown,208,221,231,192,197,218,209,215,226,212,210,222,227,198,207,204,197
813,Hampton,223,233,258,223,199,233,228,222,248,237,219,239,234,209,224,229,213
814,Frederick,235,231,246,218,195,212,236,230,241,220,212,238,210,207,223,214,195
815,Polk,261,262,274,258,260,243,239,232,249,247,249,230,253,227,234,251,242
816,St. Charles,238,243,225,189,205,197,227,216,206,217,201,219,242,199,208,220,201
817,Hamblen,249,232,238,220,203,220,218,215,247,223,201,222,209,205,205,216,205
818,Canyon,305,288,306,302,268,252,272,255,287,273,267,243,256,250,286,273,267
819,Leon,210,232,215,187,202,200,222,238,224,226,214,227,245,214,203,214,197
820,Meade,249,225,217,204,205,216,222,213,244,228,211,224,214,217,215,219,199
821,St. Louis,244,253,242,229,239,237,244,243,232,230,240,247,246,251,234,241,235
822,Thurston,162,202,205,218,190,199,197,182,182,187,210,150,176,150,194,192,202
823,Valencia,293,289,294,294,287,272,275,276,273,275,283,273,289,297,282,288,244
824,Cameron,271,270,271,245,262,272,272,244,233,245,272,269,289,246,246,239,227
825,Montgomery,250,249,241,227,234,198,240,239,214,219,230,242,271,217,245,225,208
826,Orange,238,224,232,218,198,209,210,198,221,203,216,226,205,195,226,220,210
827,Schenectady,222,198,232,193,197,200,198,189,192,183,216,209,196,208,213,215,206
828,Houston,233,240,244,233,249,231,236,227,234,221,241,238,241,237,225,237,234
829,Plymouth,235,237,252,223,209,231,219,218,242,213,224,239,212,223,228,223,230
830,Bronx,260,245,254,245,254,260,266,275,282,255,256,280,262,274,279,256,278
831,Medina,233,230,219,207,208,214,213,205,225,202,222,226,187,212,223,220,213
832,Armstrong,225,219,220,192,167,190,206,188,202,185,197,201,168,182,195,202,186
833,Atlantic,253,239,251,225,202,230,223,225,245,236,218,234,212,209,229,218,224
834,Taylor,296,301,268,269,291,228,280,299,265,295,274,281,307,276,279,295,258
835,Colonial Heights,249,249,265,251,241,246,267,282,283,271,265,282,268,273,267,276,255
836,San Luis Obispo,307,310,301,319,290,311,282,274,308,303,308,280,293,282,322,306,308
837,Lee,237,244,237,199,210,232,234,250,258,248,229,247,257,224,224,236,198
838,Boyd,247,244,222,207,199,208,208,212,233,223,211,216,190,207,203,217,208
839,Carver,241,259,249,236,268,253,244,254,258,267,257,242,257,240,236,250,237
840,Washington,173,205,202,219,184,187,191,182,188,186,213,162,186,158,201,193,210
841,Virginia Beach,227,227,257,214,209,235,230,231,261,242,224,242,238,212,224,228,223
842,Franklin,308,294,293,307,277,269,276,263,291,278,277,250,273,246,282,277,287
843,Sedgwick,258,272,282,260,274,259,263,279,253,256,244,264,274,278,265,278,254
844,Travis,302,270,261,263,259,242,267,282,246,271,274,269,304,265,263,275,246
845,Hillsborough,196,216,202,173,182,215,195,219,198,200,207,211,221,196,187,177,174
846,Mercer,258,246,255,232,217,223,225,224,251,239,219,243,215,220,235,233,228
847,Westmoreland,223,216,217,191,168,192,197,180,198,184,192,191,161,177,183,198,179
848,Charlotte,183,212,183,174,206,236,208,219,213,210,217,219,220,207,198,199,191
849,Kent,242,240,258,210,214,236,223,221,240,222,225,244,220,229,241,234,234
850,Madison,238,242,215,203,232,232,240,243,238,225,218,231,242,230,231,243,218
851,Wayne,242,240,222,197,191,203,208,207,234,214,201,210,182,195,197,214,205
